-4,-4,0,1096986813
-4,-4,0,7314
-4,-4,0,14114
-4,-4,0,20822
-4,-4,0,27640
-4,-4,0,34349
-4,-4,0,41148
-4,-3,0,47887
-4,-5,0,54716
-4,-4,0,61432
-4,-4,0,68208
-4,-3,0,75013
-4,-5,0,81776
-4,-5,0,88540
-4,-4,0,95308
-4,-4,0,102122
-4,-5,0,108895
-4,-5,0,115655
-4,-5,0,122458
-4,-4,0,129190
-4,-5,0,135959
-4,-4,0,142725
-4,-4,0,149463
-4,-5,0,156278
-4,-4,0,163099
-4,-4,0,169786
-4,-4,0,176535
-4,-4,0,183380
-4,-3,0,190070
-4,-5,0,196868
-4,-4,0,203633
-4,-4,0,210412
-4,-4,0,217179
-4,-5,0,223981
-4,-4,0,230727
-4,-4,0,237503
-4,-4,0,244297
-4,-4,0,251081
-4,-4,0,257842
-4,-4,0,264618
-4,-5,0,271339
-4,-4,0,278128
-4,-4,0,284905
-4,-4,0,291613
-4,-3,0,298441
-4,-4,0,305208
-4,-5,0,311916
-4,-4,0,318748
-4,-3,0,325514
-4,-4,0,332304
-4,-4,0,339122
-4,-4,0,345826
-4,-4,0,352595
-4,-4,0,359357
-4,-5,0,366156
-4,-4,0,372859
-4,-4,0,379634
-4,-5,0,386398
-4,-4,0,393183
-4,-5,0,400014
-4,-4,0,406760
-4,-4,0,413534
-4,-3,0,420313
-4,-5,0,427157
-4,-5,0,433934
-4,-4,0,440603
-4,-4,0,447409
-4,-5,0,454201
-4,-4,0,460950
-4,-4,0,467720
-4,-4,0,474484
-4,-4,0,481266
-4,-4,0,488093
-4,-4,0,494749
-4,-5,0,497615
-4,-4,0,505078
-4,-4,0,511854
-4,-4,0,518679
-4,-4,0,525389
-4,-3,0,532161
-4,-4,0,538936
-4,-4,0,545740
-4,-4,0,552543
-4,-4,0,559255
-4,-4,0,566095
-4,-4,0,572833
-4,-5,0,579627
-4,-5,0,586341
-4,-5,0,593184
-4,-3,0,599951
-4,-5,0,606729
-4,-4,0,613493
-4,-4,0,620290
-4,-4,0,627031
-4,-4,0,633799
-4,-4,0,640598
-4,-4,0,647311
-4,-4,0,654161
-4,-4,0,660909
-4,-4,0,667700
-4,-3,0,674447
-4,-3,0,681236
-4,-4,0,688031
-4,-4,0,694804
-4,-4,0,701566
-4,-3,0,708287
-4,-4,0,715085
-4,-3,0,721865
-4,-5,0,728641
-4,-4,0,735390
-4,-4,0,742149
-4,-4,0,748962
-4,-4,0,755726
-4,-5,0,762502
-4,-4,0,769236
-4,-5,0,776123
-4,-4,0,782835
-4,-5,0,789607
-4,-5,0,796380
-4,-4,0,803149
-4,-4,0,809898
-4,-4,0,816685
-4,-5,0,823478
-4,-5,0,830179
-4,-4,0,836987
-4,-3,0,843734
-4,-4,0,850524
-4,-4,0,857358
-4,-4,0,864148
-4,-4,0,870876
-4,-5,0,877610
-4,-4,0,884400
-4,-4,0,891114
-4,-4,0,897946
-4,-4,0,904686
-4,-4,0,911483
-4,-4,0,918259
-4,-4,0,925007
-4,-5,0,931767
-4,-4,0,938538
-4,-4,0,945306
-4,-4,0,952079
-4,-5,0,958822
-4,-4,0,965642
-4,-4,0,972412
-4,-4,0,979192
-4,-4,0,985938
-4,-4,0,992720
-4,-4,0,999487
-4,-5,0,1006211
-4,-5,0,1013008
-4,-4,0,1019775
-4,-3,0,1026566
-4,-5,0,1033328
-4,-3,0,1040098
-4,-4,0,1046799
-4,-5,0,1053658
-4,-5,0,1060422
-4,-4,0,1067190
-4,-4,0,1074003
-4,-4,0,1080706
-4,-4,0,1087476
-4,-4,0,1094226
-4,-3,0,1101044
-4,-3,0,1107751
-4,-5,0,1114504
-4,-5,0,1121245
-4,-4,0,1128125
-4,-4,0,1134837
-4,-4,0,1141599
-4,-5,0,1148360
-4,-4,0,1155135
-4,-4,0,1161997
-4,-5,0,1168731
-4,-5,0,1175511
-4,-4,0,1182307
-4,-4,0,1189044
-4,-4,0,1195758
-4,-5,0,1202592
-4,-5,0,1209371
-4,-5,0,1216135
-4,-5,0,1222926
-4,-3,0,1229707
-4,-5,0,1236455
-4,-4,0,1243237
-4,-4,0,1250046
-4,-4,0,1256781
-4,-4,0,1263543
-4,-4,0,1270317
-4,-4,0,1277097
-4,-4,0,1283906
-4,-5,0,1290646
-4,-3,0,1297411
-4,-5,0,1304238
-4,-4,0,1311035
-4,-3,0,1317754
-4,-4,0,1324524
-4,-4,0,1331303
-4,-5,0,1338088
-4,-4,0,1344879
-4,-5,0,1351675
-4,-4,0,1358447
-4,-5,0,1365181
-4,-4,0,1371984
-4,-5,0,1378716
-4,-4,0,1385456
-4,-5,0,1392276
-4,-5,0,1399123
-4,-3,0,1405821
-4,-4,0,1412593
-4,-4,0,1419422
-4,-3,0,1426187
-4,-4,0,1432966
-4,-5,0,1439704
-4,-4,0,1446508
-4,-3,0,1453269
-4,-4,0,1460049
-4,-4,0,1466826
-4,-4,0,1473587
-4,-5,0,1480336
-4,-4,0,1487092
-4,-5,0,1493913
-4,-3,0,1500591
-4,-4,0,1507424
-4,-3,0,1514195
-4,-4,0,1520964
-4,-5,0,1527752
-4,-5,0,1534532
-4,-4,0,1541291
-4,-4,0,1548131
-4,-5,0,1554788
-4,-5,0,1561634
-4,-4,0,1568396
-4,-5,0,1575187
-4,-4,0,1581975
-4,-4,0,1588719
-4,-4,0,1595513
-4,-5,0,1602268
-4,-4,0,1609137
-4,-4,0,1615836
-4,-4,0,1622542
-4,-4,0,1629380
-4,-4,0,1636087
-4,-5,0,1642908
-4,-4,0,1649677
-4,-4,0,1656446
-4,-3,0,1663210
-4,-4,0,1670021
-4,-5,0,1676723
-4,-5,0,1683523
-4,-4,0,1690320
-4,-4,0,1697130
-4,-4,0,1703862
-4,-4,0,1710540
-4,-4,0,1717370
-4,-5,0,1724117
-4,-5,0,1730931
-4,-4,0,1737686
-4,-4,0,1744456
-4,-4,0,1751201
-4,-4,0,1757987
-4,-4,0,1764747
-4,-5,0,1771526
-4,-5,0,1778324
-4,-5,0,1785133
-4,-3,0,1791810
-4,-4,0,1798642
-4,-4,0,1805427
-4,-4,0,1812123
-4,-4,0,1818893
-4,-5,0,1825670
-4,-4,0,1832448
-4,-3,0,1839248
-4,-4,0,1846018
-4,-5,0,1852767
-4,-5,0,1859531
-4,-5,0,1866293
-4,-4,0,1873136
-4,-4,0,1879843
-4,-5,0,1886573
-4,-3,0,1893415
-4,-4,0,1900060
-4,-3,0,1906904
-4,-4,0,1913663
-4,-4,0,1920451
-4,-5,0,1927227
-4,-4,0,1934006
-4,-4,0,1940738
-4,-4,0,1947534
-4,-4,0,1954308
-4,-5,0,1961114
-4,-4,0,1967815
-4,-5,0,1974558
-4,-4,0,1981345
-4,-4,0,1988134
-4,-5,0,1994942
-4,-4,0,2001718
-4,-4,0,2008478
-4,-4,0,2015264
-4,-4,0,2022004
-4,-4,0,2028792
-4,-5,0,2035610
-4,-5,0,2042379
-4,-3,0,2049139
-4,-4,0,2055883
-4,-4,0,2062646
-4,-5,0,2069408
-4,-4,0,2076235
-4,-5,0,2083000
-4,-5,0,2089763
-4,-4,0,2096585
-4,-4,0,2103350
-4,-4,0,2110097
-4,-5,0,2116904
-4,-4,0,2123678
-4,-4,0,2130448
-4,-5,0,2137193
-4,-4,0,2143977
-4,-3,0,2150756
-4,-4,0,2157519
-4,-4,0,2164317
-4,-5,0,2171108
-4,-5,0,2177831
-4,-5,-3841,2184572
-4,-5,-3841,2190774
-4,-3,-3841,2198157
-4,-5,-3841,2204985
-4,-4,-3841,2211763
-4,-3,-3841,2218553
-4,-5,-3841,2225313
-4,-4,-3841,2232150
-4,-4,-3841,2238826
-4,-4,-3841,2245560
-4,-4,-3841,2252385
-4,-4,-3841,2259161
-4,-5,-3841,2265895
-4,-4,-3841,2272716
-4,-4,-3841,2279485
-4,-5,-3841,2286223
-4,-4,-3841,2292990
-4,-4,-3841,2299793
-4,-4,-3841,2306552
-4,-4,-3841,2313339
-4,-4,-3841,2320141
-4,-5,-3841,2326837
-4,-5,-3841,2333657
-4,-3,-3841,2340425
-4,-5,-3841,2347216
-4,-4,-3841,2353900
-4,-3,-3841,2360676
-4,-4,-3841,2367497
-4,-5,-3841,2374273
-4,-4,-3841,2381054
-4,-4,-3841,2387766
-4,-3,-3841,2394556
-4,-4,-3841,2401342
-4,-4,-3841,2408144
-4,-4,-3841,2414880
-4,-5,-3841,2421677
-4,-4,-3841,2428463
-4,-4,-3841,2435237
-4,-5,-3841,2442023
-4,-4,-3841,2448768
-4,-4,-3841,2455580
-4,-4,-3841,2462326
-4,-5,-3841,2469112
-4,-5,-3841,2475909
-4,-4,-3841,2482721
-4,-4,-3841,2489477
-4,-5,-3841,2496247
-4,-4,-3841,2503007
-4,-4,-3841,2509723
-4,-4,-3841,2516524
-4,-4,-3841,2523289
-4,-4,-3841,2530109
-4,-4,-3841,2536894
-4,-4,-3841,2543640
-4,-5,-3841,2550404
-4,-4,-3841,2557197
-4,-3,-3841,2563993
-4,-4,-3841,2570716
-4,-5,-3841,2577489
-4,-4,-3841,2584263
-4,-4,-3841,2591106
-4,-4,-3841,2597807
-4,-4,-3841,2604621
-4,-4,-3841,2611354
-4,-4,-3841,2618176
-4,-5,-3841,2624924
-4,-4,-3841,2631664
-4,-3,-3841,2638450
-4,-4,-3841,2645212
-4,-4,-3841,2651982
-4,-4,-3841,2658763
-4,-4,-3841,2665545
-4,-4,-3841,2672332
-4,-3,-3841,2679116
-4,-5,-3841,2685835
-4,-5,-3841,2692648
-4,-5,-3841,2699397
-4,-4,-3841,2706169
-4,-4,-3841,2712939
-4,-5,-3841,2719705
-4,-4,-3841,2726480
-4,-4,-3841,2733237
-4,-4,-3841,2740016
-4,-4,-3841,2746800
-4,-4,-3841,2753599
-4,-5,-3841,2760384
-1,-4,-3841,2767183
35,-5,-3841,2773962
79,-4,-3841,2780705
135,-5,-3841,2787471
174,-5,-3841,2794198
207,-4,-3841,2800948
242,-5,-3841,2807723
279,-4,-3841,2814479
314,-4,-3841,2821270
346,-5,-3841,2828008
362,-3,-3841,2834754
390,-4,-3841,2841510
397,-5,-3841,2848290
407,-4,-3841,2855028
419,-5,-3841,2861791
425,-5,-3841,2868530
431,-4,-3841,2875305
452,-3,-3841,2882124
491,-4,-3841,2888819
540,-5,-3841,2895566
590,-4,-3841,2902326
658,-4,-3841,2909121
737,-5,-3841,2915872
788,-4,-3841,2922652
878,-5,-3841,2929483
952,-3,-3841,2936132
973,-4,-3841,2942966
1036,-3,-3841,2949711
1092,-4,-3841,2956478
1113,-5,-3841,2963257
1187,-5,-3841,2970074
1249,-6,-3841,2976760
1288,-4,-3841,2983584
1341,-3,-3841,2990355
1386,-4,-3841,2997120
1457,-4,-3841,3003891
1493,-5,-3841,3010671
1551,-5,-3841,3017460
1586,-5,-3841,3024221
1574,-4,-3841,3031000
1639,-4,-3841,3037773
1645,-5,-3841,3044543
1641,-3,-3841,3051262
1688,-4,-3841,3058120
1687,-5,-3841,3064857
1648,-3,-3841,3071674
1684,-5,-3841,3078439
1712,-5,-3841,3085169
1707,-4,-3841,3091960
1703,-4,-3841,3098713
1725,-5,-3841,3105511
1717,-4,-3841,3112270
1727,-4,-3841,3119009
1751,-4,-3841,3125797
1745,-4,-3841,3132558
1725,-5,-3841,3139349
1772,-5,-3841,3146148
1739,-4,-3841,3152916
1745,-4,-3841,3159675
1765,-4,-3841,3166466
1752,-4,-3841,3173237
1755,-5,-3841,3179990
1751,-4,-3841,3186811
1744,-4,-3841,3193577
1799,-4,-3841,3200291
1775,-4,-3841,3207155
1767,-3,-3841,3213889
1792,-4,-3841,3220649
1783,-5,-3841,3227466
1770,-4,-3841,3234192
1789,-4,-3841,3240992
1813,-4,-3841,3247782
1802,-4,-3841,3254508
1837,-4,-3841,3261310
1852,-4,-3841,3268113
1836,-5,-3841,3274783
1895,-3,-3841,3281653
1911,-4,-3841,3288417
1873,-4,-3841,3295189
1891,-3,-3841,3301894
1924,-4,-3841,3308674
1910,-4,-3841,3315466
1929,-5,-3841,3322230
1952,-4,-3841,3329037
1948,-3,-3841,3335779
1933,-3,-3841,3342574
1982,-4,-3841,3349371
1978,-3,-3841,3356146
1995,-4,-3841,3362888
2009,-3,-3841,3369689
1961,-3,-3841,3376458
1917,-4,-3841,3383254
1941,-3,-3841,3389998
1925,-5,-3841,3396762
1860,-4,-3841,3403559
1882,-4,-3841,3410351
1882,-5,-3841,3417119
1881,-4,-3841,3423881
1877,-5,-3841,3430665
1884,-5,-3841,3437431
1926,-5,-3841,3444146
1898,-4,-3841,3450948
1869,-5,-3841,3457726
1846,-4,-3841,3464488
1820,-4,-3841,3471267
1804,-4,-3841,3478124
1737,-4,-3841,3484813
1691,-4,-3841,3491630
1712,-5,-3841,3498338
1731,-5,-3841,3505219
1793,-4,-3841,3511917
1848,-4,-3841,3518698
1869,-3,-3841,3525458
1902,-6,-3841,3532196
1903,-5,-3841,3539010
1933,-4,-3841,3545784
1963,-4,-3841,3552581
1944,-4,-3841,3559364
1934,-4,-3841,3566147
1945,-4,-3841,3572868
1924,-4,-3841,3579644
1911,-4,-3841,3586429
1921,-4,-3841,3593203
1941,-3,-3841,3599928
1938,-4,-3841,3606711
1989,-5,-3841,3613517
2021,-5,-3841,3620321
2036,-4,-3841,3627153
2080,-4,-3841,3633808
2117,-4,-3841,3640623
2097,-3,-3841,3647340
2137,-3,-3841,3654185
2186,-5,-3841,3660957
2174,-4,-3841,3667703
2228,-3,-3841,3674494
2303,-5,-3841,3681267
2314,-4,-3841,3688040
2388,-4,-3841,3694778
2427,-4,-3841,3701578
2468,-4,-3841,3708299
2488,-5,-3841,3715156
2516,-5,-3841,3721907
2521,-4,-3841,3728653
2570,-3,-3841,3735391
2576,-4,-3841,3742186
2609,-3,-3841,3748958
2619,-4,-3841,3755713
2618,-5,-3841,3762514
2652,-5,-3841,3769315
2671,-4,-3841,3776122
2687,-3,-3841,3782837
2707,-5,-3841,3789579
2703,-4,-3841,3796423
2704,-3,-3841,3803152
2702,-5,-3841,3809974
2768,-5,-3841,3816709
2759,-4,-3841,3823532
2734,-4,-3841,3830268
2750,-3,-3841,3837058
2768,-4,-3841,3843802
2744,-4,-3841,3850589
2794,-4,-3841,3857327
2810,-4,-3841,3864112
2760,-5,-3841,3870869
2812,-5,-3841,3877709
2814,-5,-3841,3884456
2792,-3,-3841,3891227
2847,-4,-3841,3897997
2871,-4,-3841,3904753
2811,-5,-3841,3911497
2813,-3,-3841,3918286
2872,-4,-3841,3925119
2899,-4,-3841,3931820
2872,-4,-3841,3938554
2913,-4,-3841,3945321
2885,-4,-3841,3952112
2880,-4,-3841,3958875
2944,-4,-3841,3965629
2925,-5,-3841,3972450
2909,-4,-3841,3979214
2949,-4,-3841,3986013
2928,-3,-3841,3992782
2930,-4,10263,3999574
2980,-5,10263,4005717
2970,-5,10263,4013147
2961,-4,10263,4019946
2943,-4,10263,4026764
2956,-4,10263,4033475
2984,-4,10263,4040251
2967,-5,10263,4047028
2971,-4,10263,4053794
2975,-5,10263,4060627
2999,-4,10263,4067412
3018,-5,10263,4074164
2996,-4,10263,4080937
2985,-4,10263,4087677
3031,-5,10263,4094478
2994,-4,10263,4101272
3041,-4,10263,4108040
2969,-5,10263,4114807
2960,-4,10263,4121547
3004,-4,10263,4128345
2990,-4,10263,4135161
2992,-4,10263,4141913
2983,-4,10263,4148683
2956,-3,10263,4155385
2942,-4,10263,4162165
2963,-5,10263,4168959
2940,-4,10263,4175712
2933,-5,10263,4182531
2942,-4,10263,4189303
2875,-4,10263,4196039
2868,-4,10263,4202828
2853,-4,10263,4209604
2860,-4,10263,4216362
2810,-4,10263,4223152
2799,-4,10263,4229920
2808,-4,10263,4236699
2780,-4,10263,4243471
2787,-4,10263,4250251
2790,-4,10263,4257039
2779,-4,10263,4263818
2797,-4,10263,4270587
2797,-5,10263,4277312
2782,-4,10263,4284137
2786,-4,10263,4290918
2790,-5,10263,4297707
2780,-5,10263,4304415
2742,-5,10263,4311149
2779,-5,10263,4317967
2761,-5,10263,4324702
2748,-5,10263,4331453
2783,-4,10263,4338243
2778,-4,10263,4345038
2766,-5,10263,4351817
2812,-4,10263,4358608
2792,-4,10263,4365386
2805,-4,10263,4372091
2853,-5,10263,4378862
2844,-4,10263,4385628
2833,-4,10263,4392414
2853,-4,10263,4399173
2852,-4,10263,4406023
2842,-4,10263,4412739
2848,-6,10263,4419538
2848,-5,10263,4426334
2847,-3,10263,4433187
2817,-4,10263,4439864
2843,-4,10263,4446675
2850,-4,10263,4453466
2876,-4,10263,4460173
2838,-6,10263,4466947
2849,-4,10263,4473709
2858,-4,10263,4480507
2907,-5,10263,4487258
2907,-4,10263,4494018
2898,-4,10263,4500822
2853,-4,10263,4507589
2913,-5,10263,4514308
2891,-3,10263,4521134
2866,-4,10263,4527950
2894,-3,10263,4534717
2881,-5,10263,4541465
2888,-4,10263,4548239
2879,-4,10263,4555002
2875,-5,10263,4561801
2878,-4,10263,4568537
2863,-3,10263,4575328
2843,-4,10263,4582102
2837,-4,10263,4588876
2830,-3,10263,4595654
2812,-5,10263,4602421
2744,-4,10263,4609098
2718,-4,10263,4615893
2782,-4,10263,4622699
2718,-5,10263,4629489
2652,-4,10263,4636258
2641,-4,10263,4642959
2589,-5,10263,4649821
2589,-6,10263,4656555
2535,-4,10263,4663317
2473,-4,10263,4670155
2364,-3,10263,4676888
2306,-4,10263,4683701
2166,-4,10263,4690466
2041,-4,10263,4697216
1883,-5,10263,4703981
1706,-5,10263,4710767
1546,-5,10263,4717513
1422,-4,10263,4724283
1287,-5,10263,4731134
1164,-3,10263,4737844
1009,-5,10263,4744631
883,-4,10263,4751398
788,-4,10263,4758163
667,-4,10263,4764912
539,-5,10263,4771738
419,-4,10263,4778477
221,-4,10263,4785218
114,-4,10263,4791992
61,-4,10263,4798770
32,-4,10263,4805559
17,-4,10263,4812323
8,-5,10263,4819033
3,-4,10263,4825804
2,-4,10263,4832568
0,-4,10263,4839341
0,-4,10263,4846167
-1,-4,10263,4852890
-2,-4,10263,4859608
-2,-4,10263,4866394
-3,-4,10263,4873169
-3,-5,10263,4879928
-3,-5,10263,4886707
-2,-3,10263,4893505
-3,-4,10263,4900280
-3,-4,10263,4907053
-3,-4,10263,4913779
-3,-4,10263,4920617
-3,-4,10263,4927413
-3,-4,10263,4934167
-3,-5,10263,4940912
-3,-5,10263,4947686
-3,-4,10263,4954440
-3,-4,10263,4961209
-3,-4,10263,4967985
-3,-4,10263,4974767
-3,-4,10263,4981481
-3,-5,10263,4988333
-3,-4,10263,4995177
-4,-4,10263,5001830
-3,-4,10263,5008667
-3,-5,10263,5015372
-3,-4,10263,5022177
-4,-4,10263,5029001
-3,-4,10263,5035734
-3,-4,10263,5042509
-3,-4,10263,5049275
-3,-4,10263,5056052
-3,-4,10263,5062790
-4,-5,10263,5069584
-3,-4,10263,5076411
-4,-5,10263,5083172
-4,-3,10263,5089944
-4,-4,10263,5096683
-4,-4,10263,5103445
-4,-5,10263,5110222
-4,-3,10263,5116986
-4,-5,10263,5123816
-4,-4,10263,5130574
-3,-4,10263,5137358
-4,-4,10263,5144170
-4,-5,10263,5150917
-3,-5,10263,5157686
-3,-4,10263,5164414
-4,-4,10263,5171176
-4,-5,10263,5177948
-4,-5,10263,5184739
-4,-3,10263,5191492
-4,-4,10263,5198321
-4,-4,10263,5205051
-3,-4,10263,5211839
-4,-4,10263,5218612
-4,-4,10263,5225371
-4,-5,10263,5232127
-4,-4,10263,5238930
-4,-4,10263,5245683
-4,-4,10263,5252434
-4,-4,10263,5259242
-4,-3,10263,5266027
-4,-3,10263,5272781
-3,-4,10263,5279591
-4,-5,10263,5286339
-4,-4,10263,5293170
-4,-4,10263,5299949
-4,-4,10263,5306722
-4,-5,10263,5313415
-4,-5,10263,5320215
-4,-4,10263,5326992
-4,-4,10263,5333786
-4,-4,10263,5340537
-3,-3,10263,5347330
-4,-4,10263,5354140
-4,-4,10263,5360864
-4,-5,10263,5367637
-4,-5,10263,5374380
-4,-4,10263,5381166
-4,-4,10263,5387938
-4,-4,10263,5394692
-4,-5,10263,5401483
-4,-4,10263,5408283
-4,-4,10263,5415056
-4,-4,10263,5421820
-4,-5,10263,5428586
-4,-6,10263,5435322
-4,-5,10263,5442175
-4,-3,10263,5448887
-4,-4,10263,5455700
-4,-5,10263,5462464
-4,-4,10263,5469206
-4,-4,10263,5476007
-4,-3,10263,5482780
-4,-4,10263,5489514
-4,-3,10263,5496250
-4,-3,10263,5503054
-4,-4,10263,5509832
-4,-4,10263,5516626
-4,-5,10263,5523387
-4,-4,10263,5530153
-4,-4,10263,5536922
-4,-4,10263,5543677
-4,-4,10263,5550468
-4,-4,10263,5557233
-4,-5,10263,5564010
-4,-4,10263,5570741
-4,-4,10263,5577547
-4,-4,10263,5584344
-4,-4,10263,5591095
-4,-4,10263,5597859
-4,-4,10263,5604626
-4,-4,10263,5611352
-4,-5,10263,5618107
-4,-4,10263,5624895
30,-4,10263,5631661
120,-5,10263,5638455
256,-4,10263,5645233
389,-4,10263,5651969
478,-5,10263,5658782
550,-4,10263,5665488
618,-5,10263,5672312
703,-5,10263,5679061
823,-4,10263,5685862
968,-5,10263,5692626
1063,-3,10263,5699419
1202,-5,10263,5706171
1305,-5,10263,5712886
1395,-5,10263,5719729
1482,-4,10263,5726525
1572,-4,10263,5733292
1645,-5,10263,5740015
1748,-4,10263,5746839
1804,-3,10263,5753603
1894,-4,10263,5760364
1972,-3,10263,5767178
2023,-3,10263,5773919
2068,-4,10263,5780682
2102,-5,10263,5787474
2146,-4,10263,5794239
2228,-4,10263,5800961
2241,-5,10263,5807833
2284,-4,10263,5814582
2349,-4,10263,5821368
2359,7,10263,5828149
2350,46,10263,5834980
2408,64,10263,5841711
2404,130,10263,5848433
2386,118,10263,5855173
2405,188,10263,5861929
2385,188,10263,5868676
2397,212,10263,5875439
2438,234,10263,5882138
2481,235,10263,5889014
2448,255,10263,5895785
2462,306,10263,5902531
2504,311,10263,5909297
2485,311,10263,5916057
2493,313,10263,5922819
2476,336,10263,5929560
2497,367,10263,5936349
2485,401,10263,5943107
2507,427,10263,5949864
2507,420,10263,5956548
2465,445,10263,5963369
2498,483,10263,5970181
2511,486,10263,5976922
2532,512,10263,5983653
2546,514,10263,5990393
2521,515,10263,5997168
2524,518,10263,6003930
2581,531,10263,6010719
2597,536,10263,6017473
2589,530,10263,6024269
2566,565,10263,6031044
2604,566,10263,6037809
2611,577,10263,6044621
2611,558,10263,6051377
2610,564,10263,6058180
2611,583,10263,6064978
2640,562,10263,6071715
2640,590,10263,6078544
2631,599,10263,6085289
2673,595,10263,6092090
2666,604,10263,6098849
2682,602,10263,6105618
2708,614,10263,6112409
2658,627,10263,6119187
2685,627,10263,6125932
2721,629,10263,6132726
2690,631,10263,6139454
2695,628,10263,6146270
2741,638,10263,6153025
2730,659,10263,6159789
2692,670,10263,6166590
2736,667,10263,6173298
2762,695,10263,6180143
2745,712,10263,6186893
2742,714,10263,6193660
2788,711,10263,6200442
2703,736,10263,6207243
2777,730,10263,6214019
2830,740,10263,6220780
2736,758,10263,6227538
2803,774,10263,6234325
2844,774,10263,6241151
2767,795,10263,6247851
2842,789,10263,6254637
2845,804,10263,6261392
2868,800,10263,6268239
2852,791,10263,6274970
2843,798,10263,6281764
2843,824,10263,6288513
2849,831,10263,6295325
2901,831,10263,6302169
2848,825,10263,6308851
2856,812,10263,6315642
2871,834,10263,6322371
2883,829,10263,6329143
2896,838,10263,6335914
2928,835,10263,6342684
2908,836,10263,6349435
2877,839,10263,6356196
2913,847,10263,6362996
2907,843,10263,6369798
2941,840,10263,6376546
2902,844,10263,6383334
2876,853,10263,6390185
2893,842,10263,6396940
2921,839,10263,6403654
2905,845,10263,6410503
2930,836,10263,6417167
2924,858,10263,6424019
2927,847,10263,6430788
2920,855,10263,6437571
2922,852,10263,6444351
2933,863,10263,6451188
2957,858,10263,6457917
2970,856,10263,6464681
2935,850,10263,6471424
2921,859,10263,6478183
2980,861,10263,6484993
2944,868,10263,6491780
2953,877,10263,6498492
2984,867,10263,6505255
2965,888,10263,6512190
2949,881,10263,6518889
2947,883,10263,6525666
2955,887,10263,6532450
2963,884,10263,6539185
2991,883,10263,6545977
2981,893,10263,6552771
2932,911,10263,6559533
2937,887,10263,6566232
3000,877,10263,6573043
2966,888,10263,6579808
2944,915,10263,6586587
2977,913,10263,6593396
2972,910,10263,6600110
2960,942,10263,6606892
2999,926,10263,6613695
2981,934,10263,6620492
3011,934,10263,6627292
2961,923,10263,6634013
2974,950,10263,6640764
2961,958,10263,6647610
2999,969,10263,6654375
3001,967,10263,6661164
2964,959,10263,6667914
2999,976,10263,6674689
3008,960,10263,6681440
2989,962,10263,6688177
2997,963,10263,6694982
2982,952,10263,6701753
3017,972,10263,6708521
3007,974,10263,6715316
2993,982,10263,6722079
3039,976,10263,6728847
3038,981,10263,6735637
2962,993,10263,6742400
3026,991,10263,6749188
3018,997,10263,6755936
3009,1000,10263,6762743
3052,988,10263,6769507
2996,992,10263,6776303
3022,1008,10263,6783006
3042,1014,10263,6789820
3030,1019,10263,6796579
3013,1023,10263,6803405
3016,1017,10263,6810197
3037,1015,10263,6816929
2993,1025,10263,6823692
3020,1018,10263,6830481
3045,1025,10263,6837193
3021,1023,10263,6844010
3036,1014,10263,6850797
3042,1015,10263,6857560
3017,1021,10263,6864357
3072,1013,10263,6871120
3059,1029,10263,6877867
2994,1034,10263,6884666
3055,1035,10263,6891429
3039,1039,10263,6898192
3015,1036,10263,6904940
3007,1028,10263,6911726
3010,1024,10263,6918539
3032,1019,10263,6925299
3015,1022,10263,6932070
3014,1032,10263,6938880
3026,1037,10263,6945647
3015,1044,10263,6952429
3046,1033,10263,6959192
3021,1009,10263,6965950
3002,1019,10263,6972679
3039,1017,10263,6979466
3021,1006,10263,6986258
3020,1000,10263,6993022
3069,995,10263,6999825
3059,978,10263,7006588
3045,992,10263,7013404
3048,994,10263,7020186
3043,1002,10263,7026894
3092,1002,10263,7033739
3088,1011,10263,7040510
3058,1008,10263,7047302
3063,1006,10263,7054055
3069,994,10263,7060805
3070,995,10263,7067615
3071,990,10263,7074407
3069,982,10263,7081209
3067,985,10263,7087919
3087,982,10263,7094727
3055,989,10263,7101521
3054,992,10263,7108289
3098,999,10263,7115041
3101,1020,10263,7121800
3066,1020,10263,7128604
3030,1023,10263,7135392
3096,1027,10263,7142193
3068,1020,10263,7148895
3059,1005,10263,7155679
3082,1013,10263,7162495
3079,999,10263,7169227
3068,996,10263,7176021
3090,1001,10263,7182744
3069,1018,10263,7189540
3070,1014,10263,7196305
3104,1005,10263,7203172
3087,1007,10263,7209930
3025,1011,10263,7216711
3089,988,10263,7223472
3089,994,10263,7230252
3076,979,10263,7237014
3060,980,10263,7243747
3085,971,10263,7250541
3043,985,10263,7257305
3087,981,10263,7264147
3072,983,10263,7270922
3055,985,10263,7277685
3076,977,10263,7284420
3104,974,10263,7291230
3053,986,10263,7298003
3044,987,10263,7304795
3062,999,10263,7311581
3084,995,10263,7318299
3068,992,10263,7325156
3054,990,10263,7331831
3061,983,10263,7338638
3026,961,10263,7345461
3037,956,10263,7352241
3085,962,10263,7359020
3024,953,10263,7365741
3043,919,10263,7372557
3038,890,10263,7379330
3002,885,10263,7386104
3007,853,10263,7392895
3034,837,10263,7399649
3013,830,10263,7406379
2960,814,10263,7413207
2973,807,10263,7419903
2949,807,10263,7426776
2906,792,10263,7433519
2916,771,10263,7440296
2861,755,10263,7447071
2816,709,10263,7453819
2814,677,10263,7460574
2759,629,10263,7467350
2719,616,10263,7474200
2632,545,10263,7480914
2608,505,10263,7487725
2565,442,10263,7494468
2488,371,10263,7501257
2437,292,10263,7508026
2374,227,10263,7514749
2275,193,10263,7521444
2160,98,10263,7528323
2062,-4,10263,7535070
1931,-4,10263,7541804
1855,-5,10263,7548563
1743,-5,10263,7555380
1619,-4,10263,7562223
1496,-5,10263,7568888
1341,-4,10263,7575685
1194,-4,10263,7582492
1037,-6,10263,7589232
941,-4,10263,7595972
856,-4,10263,7602792
799,-4,10263,7609513
745,-5,10263,7616337
656,-5,10263,7623114
545,-3,10263,7629840
443,-4,10263,7636621
366,-5,10263,7643412
273,-4,10263,7650188
166,-4,10263,7656924
84,-4,10263,7663691
44,-3,10263,7670446
22,-4,10263,7677173
12,-5,10263,7683953
6,-4,10263,7690716
2,-4,10263,7697465
0,-4,10263,7704201
-1,-4,10263,7711009
-1,-4,10263,7717795
-2,-4,10263,7724548
-2,-4,10263,7731314
-2,-4,10263,7738115
-2,-4,10263,7744873
-3,-4,10263,7751651
-3,-4,10263,7758348
-3,-5,10263,7765159
-3,-4,10263,7771960
-3,-4,10263,7778817
-3,-5,10263,7785567
-3,-4,10263,7792361
-3,-5,10263,7799169
-3,-4,10263,7805933
-3,-4,10263,7812678
-3,-4,10263,7819462
-3,-4,10263,7826194
-4,-5,10263,7832995
-3,-4,10263,7839784
-3,-5,10263,7846568
-3,-4,10263,7853330
-3,-4,10263,7860156
-4,-4,10263,7866901
-3,-5,10263,7873676
-3,-5,10263,7880418
-3,-4,10263,7887201
-4,-5,10263,7894014
-3,-4,10263,7900737
-3,-4,10263,7907487
-3,-4,10263,7914267
-4,-5,10263,7921032
-3,-4,10263,7927778
-3,-4,10263,7934579
-4,-4,10263,7941343
-4,-4,10263,7948165
-4,-5,10263,7954889
-4,-5,10263,7961665
-3,-5,10263,7968434
-3,-4,10263,7975229
-3,-4,10263,7982008
-4,-5,10263,7988742
-4,-4,10263,7995537
-4,-4,10263,8002333
-4,-5,10263,8009179
-4,-5,10263,8015825
-3,-3,10263,8022651
-3,-5,10263,8029444
-4,-5,10263,8036211
-4,-5,10263,8042986
-4,-4,10263,8049754
-4,-4,10263,8056511
-3,-5,10263,8063280
-4,-4,10263,8070089
-4,-5,10263,8076843
-4,-4,10263,8083643
-4,-4,10263,8090439
-4,-3,10263,8097219
-4,-3,10263,8103938
-3,-5,10263,8110699
-4,-5,10263,8117520
-4,-4,10263,8124242
-4,-4,10263,8131062
-4,-4,10263,8137833
-4,-4,10263,8144637
-4,-4,10263,8151390
-4,-4,10263,8158172
-4,-4,10263,8164965
-4,-5,10263,8171687
-4,-5,10263,8178451
-4,-5,10263,8185259
-4,-5,10263,8192011
-4,-4,10263,8198860
-3,-5,10263,8205628
-4,-4,10263,8212363
-4,-3,10263,8219214
-4,-4,10263,8225934
-4,-4,10263,8232736
-4,-3,10263,8239498
-4,-5,10263,8246220
-4,-4,10263,8253050
26,-5,10263,8259817
130,-4,10263,8266580
266,-4,10263,8273338
438,-4,10263,8280064
658,-4,10263,8286895
832,-5,10263,8293612
1015,-4,10263,8300449
1272,-4,10263,8307231
1435,-3,10263,8313993
1579,-4,10263,8320732
1743,-5,10263,8327564
1861,-4,10263,8334273
1981,-4,10263,8341060
2063,-5,10263,8347820
2157,-4,10263,8354588
2257,-5,10263,8361316
2309,-3,10263,8368147
2404,-4,10263,8374883
2494,-4,10263,8381706
2559,-4,10263,8388477
2625,-5,10263,8395246
2691,-4,10263,8401991
2753,-4,10263,8408785
2789,-4,10263,8415549
2829,-4,10263,8422308
2868,-4,10263,8429174
2867,-5,10263,8435906
2888,-5,10263,8442638
2947,-5,10263,8449419
2926,-3,10263,8456209
2977,-4,10263,8462935
3026,-3,10263,8469778
2990,-5,10263,8476536
2990,-4,10263,8483339
3050,-5,10263,8490072
3050,-3,10263,8496849
3049,-4,10263,8503592
3036,-4,10263,8510381
3059,-5,10263,8517169
3011,-4,10263,8523883
3104,-4,10263,8530713
3135,-4,10263,8537508
3060,-5,10263,8544261
3089,-4,10263,8550979
3117,-5,10263,8557806
3095,-3,10263,8564603
3136,-3,10263,8571314
3162,-4,10263,8578203
3142,-4,10263,8584915
3126,-5,10263,8591695
3150,-4,10263,8598464
3169,-4,10263,8605197
3156,-4,10263,8611948
3173,-5,10263,8618746
3163,-5,10263,8625533
3186,-4,10263,8632321
3210,-5,10263,8639086
3207,-4,10263,8645849
3200,-5,10263,8652675
3201,-4,10263,8659393
3221,-5,10263,8666243
3228,-4,10263,8672960
3202,-3,10263,8679780
3227,-4,10263,8686569
3260,-4,10263,8693348
3253,-4,10263,8700090
3206,-4,10263,8706899
3240,-4,10263,8713663
3253,-4,10263,8720438
3251,-3,10263,8727166
3253,-5,10263,8733982
3280,-4,10263,8740755
3258,-4,10263,8747516
3295,-5,10263,8754296
3299,-5,10263,8761028
3271,-3,10263,8767856
3290,-3,10263,8774633
3337,-4,10263,8781457
3269,-6,10263,8788178
3285,-5,10263,8794903
3342,-3,10263,8801698
3304,-4,10263,8808474
3271,-4,10263,8815273
3347,-4,10263,8822007
3314,-4,10263,8828830
3316,-4,10263,8835614
3326,-4,10263,8842359
3322,-3,10263,8849075
3324,-4,10263,8855821
3346,-4,10263,8862694
3346,-5,10263,8869400
3304,-4,10263,8876243
3334,-3,10263,8883024
3373,-4,10263,8889763
3353,-5,10263,8896531
3313,-4,10263,8903325
3358,-4,10263,8910093
3340,-4,10263,8916803
3352,-4,10263,8923553
3363,-5,10263,8930394
3357,-4,10263,8937203
3340,-4,10263,8943940
3349,-5,10263,8950713
3402,-3,10263,8957479
3362,-4,10263,8964268
3355,-3,10263,8971019
3375,-4,10263,8977770
3350,-5,10263,8984614
3370,-4,10263,8991378
3414,-4,10263,8998214
3379,-4,10263,9004889
3348,-4,10263,9011696
3383,-4,10263,9018480
3376,-4,10263,9025245
3390,-3,10263,9032022
3395,-3,10263,9038730
3413,-3,10263,9045529
3374,-4,10263,9052293
3353,-4,10263,9059074
3412,-3,10263,9065843
3410,-5,10263,9072616
3356,-4,10263,9079377
3433,-4,10263,9086188
3370,-4,10263,9092938
3369,-3,10263,9099671
3422,-4,10263,9106450
3391,-5,10263,9113245
3386,-4,10263,9120022
3390,-4,10263,9126776
3367,-4,10263,9133537
3332,-4,10263,9140295
3358,-5,10263,9147068
3396,-4,10263,9153858
3271,-3,10263,9160609
3278,-4,10263,9167406
3278,-3,10263,9174213
3198,-5,10263,9180941
3171,-4,10263,9187693
3176,-3,10263,9194463
3058,-4,10263,9201214
3028,-3,10263,9207990
2935,-3,10263,9214803
2772,-4,10263,9221584
2647,-4,10263,9228287
2480,-4,10263,9235061
2218,-4,10263,9241836
1953,-5,10263,9248601
1654,-5,10263,9255402
1328,-4,10263,9262210
986,-4,10263,9268895
624,-4,10263,9275717
320,-4,10263,9282446
171,-4,10263,9289199
89,-4,10263,9296026
48,-4,10263,9302799
26,-4,10263,9309559
14,-4,10263,9316305
8,-4,10263,9323066
4,-5,10263,9329820
3,-4,10263,9336583
0,-4,10263,9343378
0,-5,10263,9350104
-1,-4,10263,9356845
0,-4,10263,9363607
-2,-4,10263,9370424
-1,-3,10263,9377200
-2,-5,10263,9383955
-2,-4,10263,9390721
-2,-4,10263,9397483
-2,-5,10263,9404270
-2,-4,10263,9410982
-3,-3,10263,9417798
-2,-5,10263,9424593
-3,-3,10263,9431325
-3,-4,10263,9438099
-2,-4,10263,9444903
-3,-4,10263,9451649
-3,-5,10263,9458476
7,-4,10263,9465276
298,-4,10263,9472006
763,-4,10263,9478772
1108,-5,10263,9485528
1381,-4,10263,9492332
1625,-4,10263,9499081
1778,-4,10263,9505878
1876,-4,10263,9512638
2020,-5,10263,9519430
2094,-4,10263,9526185
2239,-4,10263,9532957
2376,-5,10263,9539716
2434,-4,10263,9546511
2511,-5,10263,9553295
2616,-4,10263,9560091
2654,-4,10263,9566854
2679,-3,-7148,9573612
2691,-4,-7148,9579796
2767,-4,-7148,9587252
2791,-4,-7148,9594043
2786,-5,-7148,9600802
2847,-4,-7148,9607634
2839,-4,-7148,9614371
2935,-4,-7148,9621119
2986,-5,-7148,9627875
2991,-4,-7148,9634641
3035,-4,-7148,9641403
3096,-3,-7148,9648194
3097,-3,-7148,9655000
3127,-5,-7148,9661780
3160,-4,-7148,9668550
3206,-4,-7148,9675322
3166,-4,-7148,9682065
3195,-4,-7148,9688905
3232,-3,-7148,9695649
3222,-4,-7148,9702426
3210,-3,-7148,9709219
3241,-3,-7148,9715950
3224,-4,-7148,9722701
3288,-4,-7148,9729469
3290,-4,-7148,9736217
3275,-3,-7148,9743047
3280,-4,-7148,9749834
3308,-3,-7148,9756583
3360,-4,-7148,9763343
3349,-5,-7148,9770182
3342,-4,-7148,9776844
3364,-4,-7148,9783695
3349,-4,-7148,9790470
3372,-5,-7148,9797257
3387,-4,-7148,9804029
3406,-4,-7148,9810814
3358,-3,-7148,9817553
3350,-5,-7148,9824376
3368,-5,-7148,9831134
3400,-3,-7148,9837884
3432,-4,-7148,9844689
3409,-4,-7148,9851455
3397,-4,-7148,9858180
3399,-4,-7148,9864977
3446,-4,-7148,9871794
3411,-4,-7148,9878558
3424,-4,-7148,9885301
3420,-4,-7148,9892122
3375,-4,-7148,9898818
3380,-4,-7148,9905624
3345,-3,-7148,9912406
3297,-4,-7148,9919255
3262,-4,-7148,9926007
3140,-6,-7148,9932755
3030,-4,-7148,9939558
2970,-4,-7148,9946334
2774,-4,-7148,9953084
2600,-3,-7148,9959886
2369,-4,-7148,9966664
2053,-4,-7148,9973446
1688,-5,-7148,9980172
1234,-5,-7148,9986945
748,-5,-7148,9993767
381,-4,-7148,10000489
202,-4,-7148,10007299
108,-4,-7148,10014023
57,-5,-7148,10020745
31,-4,-7148,10027540
17,-4,-7148,10034288
9,-4,-7148,10041042
5,-4,-7148,10047805
2,-5,-7148,10054588
1,-3,-7148,10061358
0,-4,-7148,10068106
0,-4,-7148,10074823
-1,-4,-7148,10081593
-1,-4,-7148,10088396
-2,-4,-7148,10095184
-2,-4,-7148,10101937
-2,-4,-7148,10108718
-2,-5,-7148,10115520
-2,-4,-7148,10122312
-2,-4,-7148,10129051
-2,-4,-7148,10135840
-2,-4,-7148,10142638
-2,-4,-7148,10149414
-2,-4,-7148,10156228
-3,-5,-7148,10162941
-2,-4,-7148,10169744
-3,-5,-7148,10176519
-2,-4,-7148,10183283
-2,-5,-7148,10190085
94,-4,-7148,10196827
322,-3,-7148,10203534
645,-5,-7148,10210336
919,-4,-7148,10217117
1193,-5,-7148,10223883
1412,-4,-7148,10230588
1618,-4,-7148,10237386
1835,-5,-7148,10244199
2005,-4,-7148,10250956
2153,-5,-7148,10257720
2302,-5,-7148,10264527
2417,-4,-7148,10271256
2510,-3,-7148,10278042
2584,-4,-7148,10284832
2677,-4,-7148,10291559
2767,-5,-7148,10298354
2736,-4,-7148,10305100
2770,-4,-7148,10311860
2911,-4,-7148,10318649
2891,-5,-7148,10325396
2902,-4,-7148,10332217
2956,-4,-7148,10338989
2988,-5,-7148,10345757
2990,-4,-7148,10352510
3054,-4,-7148,10359302
3053,-5,-7148,10366070
3042,-5,-7148,10372867
3105,-4,-7148,10379645
3146,-4,-7148,10386407
3091,-4,-7148,10393195
3153,-6,-7148,10399945
3184,-3,-7148,10406695
3146,-4,-7148,10413458
3165,-3,-7148,10420254
3225,-3,-7148,10427033
3204,-4,-7148,10433824
3190,-5,-7148,10440591
3242,-4,-7148,10447381
3254,-3,-7148,10454229
3245,-5,-7148,10460917
3300,-3,-7148,10467735
3320,-4,-7148,10474431
3254,-5,-7148,10481218
3317,-3,-7148,10487990
3368,-4,-7148,10494769
3278,-3,-7148,10501538
3316,-3,-7148,10508331
3386,-4,-7148,10515070
3298,-4,-7148,10521797
3300,-3,-7148,10528642
3387,-3,-7148,10535414
3376,-4,-7148,10542204
3336,-4,-7148,10548951
3396,-5,-7148,10555721
3371,-4,-7148,10562520
3402,-4,-7148,10569262
3422,-4,-7148,10576087
3429,-5,-7148,10582839
3374,-4,-7148,10589604
3393,-4,-7148,10596362
3432,-4,-7148,10603237
3425,-4,-7148,10609980
3385,-5,-7148,10616686
3425,-3,-7148,10623493
3403,-4,-7148,10630265
3385,-4,-7148,10637039
3430,-4,-7148,10643815
3456,-4,-7148,10650602
3391,-4,-7148,10657332
3427,-4,-7148,10664147
3421,-5,-7148,10670917
3436,-3,-7148,10677676
3453,-3,-7148,10684465
3479,-3,-7148,10691238
3425,-4,-7148,10698014
3413,-4,-7148,10704807
3472,-5,-7148,10711533
3456,-5,-7148,10718341
3418,-4,-7148,10725116
3456,-3,-7148,10731890
3433,-4,-7148,10738686
3425,-5,-7148,10745441
3450,-4,-7148,10752198
3412,-4,-7148,10758999
3397,-4,-7148,10765786
3381,-5,-7148,10772555
3365,-3,-7148,10779274
3297,-3,-7148,10786092
3214,-4,-7148,10792860
3177,-4,-7148,10799652
3105,-4,-7148,10806441
3014,-4,-7148,10813239
2933,-4,-7148,10819996
2773,-4,-7148,10826765
2567,-4,-7148,10833491
2351,-5,-7148,10840252
2121,-5,-7148,10847070
1834,-4,-7148,10853822
1459,-4,-7148,10860592
1016,-4,-7148,10867366
547,-5,-7148,10874100
287,-3,-7148,10880921
154,-4,-7148,10887662
80,-4,-7148,10894424
43,-4,-7148,10901196
24,-4,-7148,10907919
13,-3,-7148,10914681
8,-4,-7148,10921446
4,-4,-7148,10928198
2,-5,-7148,10934941
0,-3,-7148,10941714
0,-5,-7148,10948483
-1,-4,-7148,10955227
-1,-4,-7148,10962005
-1,-4,-7148,10968786
-1,-3,-7148,10975495
-2,-3,-7148,10982264
-2,-5,-7148,10989061
-2,-4,-7148,10995856
-2,-4,-7148,11002587
-2,-5,-7148,11009412
-2,-3,-7148,11016243
-3,-4,-7148,11022924
-3,-4,-7148,11029762
-3,-3,-7148,11036484
-3,-5,-7148,11043240
-3,-4,-7148,11050041
-3,-4,-7148,11056807
-3,-5,-7148,11063604
-3,-5,-7148,11070367
-3,-4,-7148,11077242
-3,-4,-7148,11083893
-3,-4,-7148,11090681
-3,-4,-7148,11097478
-3,-4,-7148,11104256
-3,-4,-7148,11111037
-3,-5,-7148,11117836
-3,-5,-7148,11124598
-4,-5,-7148,11131394
-4,-4,-7148,11138242
-3,-5,-7148,11144878
-3,-4,-7148,11151664
-4,-3,-7148,11158428
-3,-4,-7148,11165193
-4,-3,-7148,11172036
-3,-5,-7148,11178779
-3,-5,-7148,11185542
-3,-4,-7148,11192329
-3,-4,-7148,11199098
-3,-4,-7148,11205834
-3,-4,-7148,11212611
-3,-5,-7148,11219350
-3,-4,-7148,11226203
-4,-5,-7148,11232941
-3,-4,-7148,11239764
-3,-4,-7148,11246544
-3,-4,-7148,11253299
-3,-4,-7148,11260044
-4,-4,-7148,11266800
-3,-4,-7148,11273597
-4,-4,-7148,11280372
-4,-4,-7148,11287242
-4,-4,-7148,11293905
-4,-4,-7148,11300716
-4,-4,-7148,11307479
-3,-4,-7148,11314271
-4,-4,-7148,11321047
-4,-4,-7148,11327775
-4,-4,-7148,11334568
-4,-5,-7148,11341318
-4,-4,-7148,11348146
-3,-4,-7148,11354917
-4,-4,-7148,11361707
-4,-5,-7148,11368483
-4,-4,-7148,11375241
-4,-4,-7148,11382030
-4,-4,-7148,11388761
-4,-4,-7148,11395566
-4,-5,-7148,11402353
-4,-4,-7148,11409092
-4,-4,-7148,11415855
-4,-5,-7148,11422652
-4,-3,-7148,11429426
-4,-4,-3841,11436212
-4,-4,-3841,11442418
-4,-4,-3841,11449808
-4,-5,-3841,11456586
-4,-4,-3841,11463344
-4,-4,-3841,11470114
-4,-5,-3841,11476882
-4,-5,-3841,11483719
-4,-4,-3841,11490480
-4,-3,-3841,11497273
-4,-3,-3841,11504049
-4,-5,-3841,11510772
-4,-4,-3841,11517589
-4,-4,-3841,11524354
-4,-4,-3841,11531131
-4,-4,-3841,11537870
-4,-4,-3841,11544635
-4,-4,-3841,11551455
-4,-4,-3841,11558201
-4,-5,-3841,11564999
-4,-4,-3841,11571720
-4,-4,-3841,11578515
-4,-4,-3841,11585327
-4,-3,-3841,11592106
-4,-4,-3841,11598826
-4,-5,-3841,11605587
-4,-4,-3841,11612407
-4,-5,-3841,11619246
-4,-4,-3841,11625946
-4,-4,-3841,11632670
-4,-4,-3841,11639461
-4,-4,-3841,11646236
-4,-4,-3841,11653011
-4,-3,-3841,11659746
-4,-4,-3841,11666554
-4,-4,-3841,11673381
-4,-3,-3841,11680154
-4,-4,-3841,11686920
-4,-4,-3841,11693702
-4,-4,-3841,11700487
-4,-4,-3841,11707251
-4,-4,-3841,11714054
-4,-4,-3841,11720798
-4,-4,-3841,11727557
-4,-4,-3841,11734379
-4,-4,-3841,11741151
-4,-4,-3841,11747928
-4,-4,-3841,11754648
-4,-4,-3841,11761461
-4,-4,-3841,11768247
-4,-4,-3841,11775034
-3,-5,-3841,11781769
-4,-3,-3841,11788494
-4,-4,-3841,11795313
-4,-4,-3841,11802087
-4,-3,-3841,11808838
-4,-4,-3841,11815631
-4,-3,-3841,11822409
-4,-4,-3841,11829213
-4,-4,-3841,11835971
-4,-4,-3841,11842772
-4,-4,-3841,11849539
-4,-4,-3841,11856323
-4,-5,-3841,11863116
-4,-4,-3841,11869904
-4,-4,-3841,11876634
-4,-4,-3841,11883464
-4,-4,-3841,11890247
-4,-5,-3841,11897019
-4,-4,-3841,11903824
-4,-3,-3841,11910568
-3,-5,-3841,11917327
-4,-3,-3841,11924132
-4,-4,-3841,11930932
-4,-4,-3841,11937658
-4,-4,-3841,11944479
-4,-3,-3841,11951215
-4,-4,-3841,11958031
-4,-5,-3841,11964797
-4,-5,-3841,11971595
-4,-5,-3841,11978382
-4,-4,-3841,11985153
-4,-4,-3841,11991902
-4,-4,-3841,11998660
-4,-4,-3841,12005442
-4,-4,-3841,12012233
-4,-5,-3841,12019014
-4,-4,-3841,12025853
-4,-5,-3841,12032636
-4,-4,-3841,12039414
-4,-3,-3841,12046254
-4,-4,-3841,12052898
-4,-4,-3841,12059717
-4,-4,-3841,12066514
-4,-4,-3841,12073279
-4,-5,-3841,12080068
-4,-4,-3841,12086826
-4,-4,-3841,12093625
-4,-4,-3841,12100386
-4,-4,-3841,12107250
-4,-4,-3841,12113889
-4,-5,-3841,12120636
-4,-4,-3841,12127437
-4,-3,-3841,12134252
-4,-4,-3841,12140986
-4,-4,-3841,12147806
-4,-4,-3841,12154572
-4,-5,-3841,12161362
-4,-5,-3841,12168145
-4,-3,-3841,12174879
-4,-4,-3841,12181614
-4,-5,-3841,12188468
-4,-4,-3841,12195254
-4,-4,-3841,12201975
-4,-5,-3841,12208725
-4,-6,-3841,12215524
-4,-4,-3841,12222281
-4,-4,-3841,12229103
-4,-3,-3841,12235870
-4,-4,-3841,12242596
-4,-5,-3841,12249375
-4,-4,-3841,12256152
-4,-4,-3841,12262916
-4,-4,-3841,12269716
-4,-4,-3841,12276483
-4,-4,-3841,12283228
-4,-4,-3841,12290031
-4,-4,-3841,12296781
-4,-3,-3841,12303526
-4,-4,-3841,12310328
-4,-4,-3841,12317097
-4,-4,-3841,12323879
-4,-4,-3841,12330648
-4,-5,-3841,12337443
-4,-4,-3841,12344225
-4,-4,-3841,12350976
-4,-4,-3841,12357762
-4,-4,-3841,12364541
-4,-4,-3841,12371270
-4,-4,-3841,12378068
-4,-4,-3841,12384863
-4,-5,-3841,12391626
-4,-5,-3841,12398367
-4,-5,-3841,12405217
-4,-4,-3841,12411939
-4,-4,-3841,12418738
-4,-5,-3841,12425535
-4,-4,-3841,12432312
-4,-4,-3841,12439084
-4,-5,-3841,12445842
-4,-4,-3841,12452609
-4,-4,-3841,12459373
-4,-4,-3841,12466212
-4,-4,-3841,12472914
-4,-4,-3841,12479680
-4,-3,-3841,12486463
-4,-4,-3841,12493227
-4,-4,-3841,12499991
-4,-4,-3841,12506761
-4,-4,-3841,12513514
-4,-4,-3841,12520333
-4,-5,-3841,12527135
-4,-5,-3841,12533856
-4,-4,-3841,12540679
-4,-3,-3841,12547435
-4,-4,-3841,12554221
-4,-5,-3841,12560954
-4,-4,-3841,12567778
-4,-5,-3841,12574527
-4,-4,-3841,12581271
-4,-4,-3841,12588074
-4,-4,-3841,12594868
-4,-5,-3841,12601629
-4,-3,-3841,12608407
-4,-3,-3841,12615272
-4,-4,-3841,12621988
-4,-5,-3841,12628751
-4,-3,-3841,12635488
-4,-4,-3841,12642311
-4,-5,-3841,12649105
-4,-3,-3841,12655879
-4,-4,-3841,12662645
-4,-4,-3841,12669415
-4,-4,-3841,12676260
-4,-4,-3841,12682950
-4,-4,-3841,12689752
-4,-4,-3841,12696520
-4,-4,-3841,12703291
-4,-4,-3841,12710026
-4,-4,-3841,12716783
-4,-5,-3841,12723555
-4,-5,-3841,12730386
-4,-5,-3841,12737229
-4,116,-3841,12743958
-4,196,-3841,12750724
-4,247,-3841,12757472
-4,326,-3841,12764198
-3,404,-3841,12770961
-3,513,-3841,12777724
-3,650,-3841,12784455
-3,733,-3841,12791234
-3,873,-3841,12798003
-2,1044,-3841,12804793
-2,1184,-3841,12811563
-2,1349,-3841,12818333
-1,1449,-3841,12825107
0,1520,-3841,12831879
-1,1633,-3841,12838658
-1,1640,-3841,12845417
-1,1654,-3841,12852255
-1,1650,-3841,12858962
-1,1660,-3841,12865715
-1,1657,-3841,12872497
-1,1693,-3841,12879260
0,1700,-3841,12886030
-1,1686,-3841,12892806
0,1678,-3841,12899577
0,1674,-3841,12906315
0,1678,-3841,12913082
-1,1715,-3841,12919826
-1,1709,-3841,12926606
-1,1720,-3841,12933363
0,1713,-3841,12940117
0,1700,-3841,12946904
-1,1720,-3841,12953652
0,1711,-3841,12960413
0,1709,-3841,12967263
0,1705,-3841,12973948
0,1735,-3841,12980741
0,1806,-3841,12987526
0,1843,-3841,12994290
0,1857,-3841,13001052
0,1869,-3841,13007811
0,1887,-3841,13014540
0,1896,-3841,13021305
0,1901,-3841,13028079
0,1891,-3841,13034803
0,1919,-3841,13041619
0,1948,-3841,13048309
0,1966,-3841,13055089
0,2000,-3841,13061866
0,2027,-3841,13068547
0,2085,-3841,13075357
0,2124,-3841,13082093
1,2171,-3841,13088877
1,2206,-3841,13095625
1,2226,-3841,13102404
1,2243,-3841,13109170
1,2255,-3841,13115917
1,2261,-3841,13122611
1,2290,-3841,13129358
1,2336,-3841,13136260
1,2359,-3841,13142885
1,2383,-3841,13149687
2,2412,-3841,13156472
2,2440,-3841,13163268
2,2462,-3841,13170019
2,2480,-3841,13176765
2,2485,-3841,13183531
2,2504,-3841,13190316
2,2528,-3841,13197043
2,2538,-3841,13203814
2,2532,-3841,13210581
2,2537,-3841,13217315
3,2548,-3841,13224120
2,2544,-3841,13230869
2,2566,-3841,13237634
1,2578,-3841,13244397
3,2584,-3841,13251106
2,2600,-3841,13257881
2,2620,-3841,13264642
2,2622,-3841,13271434
3,2641,-3841,13278263
2,2639,-3841,13285005
2,2647,-3841,13291764
2,2654,-3841,13298530
2,2669,-3841,13305265
2,2666,-3841,13311971
2,2678,-3841,13318755
2,2678,-3841,13325515
2,2685,-3841,13332282
3,2691,-3841,13339075
2,2700,-3841,13345862
3,2701,-3841,13352578
2,2705,-3841,13359373
2,2709,-3841,13366047
2,2725,-3841,13372844
3,2728,-3841,13379613
3,2730,-3841,13386400
2,2734,-3841,13393139
3,2736,-3841,13399867
2,2737,-3841,13406616
2,2738,-3841,13413410
2,2742,-3841,13420229
3,2749,-3841,13426907
2,2755,-3841,13433644
2,2765,-3841,13440453
3,2768,-3841,13447233
3,2774,-3841,13454009
2,2790,-3841,13460762
2,2796,-3841,13467509
2,2797,-3841,13474266
2,2807,-3841,13481029
3,2808,-3841,13487732
3,2809,-3841,13494502
2,2815,-3841,13501255
3,2813,-3841,13508089
2,2812,-3841,13514857
3,2814,-3841,13521581
3,2816,-3841,13528388
2,2817,-3841,13535143
3,2816,-3841,13541908
2,2821,-3841,13548656
2,2814,-3841,13555339
2,2826,-3841,13562147
2,2835,-3841,13568883
3,2829,-3841,13575638
3,2825,-3841,13582415
2,2830,-3841,13589259
2,2830,-3841,13595942
2,2832,-3841,13602700
3,2833,-3841,13609448
2,2829,-3841,13616220
3,2825,-3841,13622970
2,2821,-3841,13629707
2,2810,-3841,13636465
2,2795,-3841,13643243
1,2776,-3841,13649959
3,2765,-3841,13656759
2,2753,-3841,13663496
2,2742,-3841,13670255
2,2724,-3841,13677014
2,2717,-3841,13683784
2,2701,-3841,13690515
2,2675,-3841,13697326
2,2658,-3841,13704071
2,2631,-3841,13710804
2,2618,-3841,13717608
2,2597,-3841,13724351
3,2577,-3841,13731093
2,2547,-3841,13737828
3,2521,-3841,13744586
2,2475,-3841,13751396
2,2435,-3841,13758138
2,2363,-3841,13764852
2,2280,-3841,13771632
1,2199,-3841,13778405
1,2106,-3841,13785153
1,2012,-3841,13791922
1,1897,-3841,13798601
0,1743,-3841,13805415
0,1665,-3841,13812218
0,1497,-3841,13818914
-1,1367,-3841,13825660
-1,1137,-3841,13832417
0,1002,-3841,13839255
-1,783,-3841,13846034
-2,572,-3841,13852792
-3,242,-3841,13859579
-3,-3,-3841,13866368
-4,-5,-3841,13873131
-4,-4,-3841,13879899
-4,-5,-3841,13886621
-4,-5,-3841,13893415
-4,-4,-3841,13900155
-4,-4,-3841,13906939
-4,-4,-3841,13913711
-4,-4,-3841,13920441
-4,-4,-3841,13927274
-4,-4,-3841,13934026
-4,-3,-3841,13940788
-4,-4,-3841,13947505
-4,-4,-3841,13954308
-4,-5,-3841,13961062
-4,-5,-3841,13967817
-4,-4,-3841,13974632
-4,-4,-3841,13981364
-4,-4,-3841,13988139
-4,-4,-3841,13994947
-4,-5,-3841,14001738
-4,-4,-3841,14008517
-4,-3,-3841,14015277
-4,-4,-3841,14022047
-4,-5,-3841,14028811
-4,-4,-3841,14035551
-4,-4,-3841,14042372
-4,-4,-3841,14049129
-4,-5,-3841,14055922
-4,-4,-3841,14062609
-4,-4,-3841,14069427
-4,-4,-3841,14076238
-4,-3,-3841,14082977
-4,-5,-3841,14089740
-4,-4,-3841,14096501
-4,-4,-3841,14103277
-4,-3,-4865,14110040
-4,-4,-4865,14116214
-4,-4,-4865,14123691
-4,-4,-4865,14130467
-4,-4,-4865,14137213
-4,171,-4865,14144000
-3,453,-4865,14150785
-3,669,-4865,14157529
-3,782,-4865,14164363
-2,901,-4865,14171135
-3,1028,-4865,14177903
-2,1136,-4865,14184685
-2,1233,-4865,14191453
-2,1329,-4865,14198238
-2,1425,-4865,14205028
-1,1530,-4865,14211808
0,1664,-4865,14218590
-1,1757,-4865,14225356
0,1811,-4865,14232158
0,1874,-4865,14238922
0,1922,-4865,14245670
0,1943,-4865,14252415
0,1980,-4865,14259194
0,2017,-4865,14265898
1,2087,-4865,14272696
0,2130,-4865,14279460
0,2152,-4865,14286228
0,2164,-4865,14293008
1,2189,-4865,14299778
0,2240,-4865,14306540
1,2291,-4865,14313212
1,2334,-4865,14320060
1,2370,-4865,14326779
1,2412,-4865,14333561
1,2456,-4865,14340306
2,2497,-4865,14347101
2,2531,-4865,14353822
2,2569,-4865,14360608
2,2595,-4865,14367346
2,2634,-4865,14374126
2,2642,-4865,14380859
3,2668,-4865,14387703
3,2665,-4865,14394467
2,2677,-4865,14401278
2,2718,-4865,14407905
2,2750,-4865,14414738
2,2763,-4865,14421478
3,2755,-4865,14428268
2,2798,-4865,14435006
3,2806,-4865,14441786
3,2830,-4865,14448487
3,2838,-4865,14455258
2,2840,-4865,14462027
2,2856,-4865,14468761
2,2857,-4865,14475568
2,2869,-4865,14482336
3,2884,-4865,14489101
2,2905,-4865,14495848
2,2919,-4865,14502612
2,2913,-4865,14509413
2,2922,-4865,14516159
3,2921,-4865,14522939
2,2928,-4865,14529679
2,2929,-4865,14536414
2,2934,-4865,14543277
2,2935,-4865,14549997
2,2952,-4865,14556694
2,2951,-4865,14563467
3,2962,-4865,14570277
2,2982,-4865,14577012
3,2988,-4865,14583767
2,2999,-4865,14590479
3,3008,-4865,14597288
3,3021,-4865,14605031
2,3031,-4865,14610834
3,3042,-4865,14617565
3,3057,-4865,14624343
3,3049,-4865,14631065
3,3058,-4865,14637859
3,3055,-4865,14644627
3,3056,-4865,14651315
3,3058,-4865,14658052
3,3061,-4865,14664870
3,3063,-4865,14671642
3,3074,-4865,14678347
3,3081,-4865,14685112
3,3089,-4865,14691866
3,3097,-4865,14698630
3,3104,-4865,14705429
3,3108,-4865,14712236
3,3118,-4865,14718965
3,3122,-4865,14725675
3,3119,-4865,14732494
3,3119,-4865,14739248
3,3124,-4865,14746012
3,3127,-4865,14752726
4,3127,-4865,14759527
3,3135,-4865,14766290
3,3137,-4865,14772995
3,3140,-4865,14779736
3,3147,-4865,14786587
3,3154,-4865,14793310
3,3154,-4865,14800035
3,3157,-4865,14806782
3,3160,-4865,14813591
3,3164,-4865,14820243
4,3174,-4865,14827079
4,3170,-4865,14833775
3,3173,-4865,14840540
3,3173,-4865,14847312
3,3189,-4865,14854065
3,3188,-4865,14860836
3,3183,-4865,14867600
4,3186,-4865,14874400
3,3195,-4865,14881160
3,3201,-4865,14887925
3,3205,-4865,14894666
4,3212,-4865,14901518
3,3209,-4865,14908274
3,3213,-4865,14914990
3,3214,-4865,14921774
4,3207,-4865,14928503
3,3197,-4865,14935277
3,3206,-4865,14942051
3,3204,-4865,14948818
3,3202,-4865,14955601
3,3200,-4865,14962329
3,3202,-4865,14969082
3,3208,-4865,14975843
3,3213,-4865,14982606
3,3219,-4865,14989347
3,3215,-4865,14996148
3,3216,-4865,15002918
3,3219,-4865,15009704
3,3218,-4865,15016460
3,3218,-4865,15023248
3,3220,-4865,15029941
3,3217,-4865,15036678
3,3214,-4865,15043482
3,3217,-4865,15050268
3,3219,-4865,15056988
3,3216,-4865,15063722
3,3217,-4865,15070501
3,3219,-4865,15077288
4,3223,-4865,15084021
3,3223,-4865,15090774
3,3223,-4865,15097534
3,3218,-4865,15104316
3,3225,-4865,15111066
3,3229,-4865,15117831
4,3234,-4865,15124565
3,3241,-4865,15131344
3,3243,-4865,15138154
3,3246,-4865,15144801
3,3254,-4865,15151643
4,3255,-4865,15158418
4,3265,-4865,15165166
4,3266,-4865,15171928
4,3267,-4865,15178668
4,3267,-4865,15185445
3,3274,-4865,15192254
3,3273,-4865,15198968
4,3273,-4865,15205726
4,3281,-4865,15212505
3,3281,-4865,15219288
3,3281,-4865,15226050
3,3283,-4865,15232843
4,3281,-4865,15239522
4,3283,-4865,15246321
4,3282,-4865,15253126
3,3281,-4865,15259875
4,3281,-4865,15266553
3,3279,-4865,15273384
4,3279,-4865,15280136
4,3281,-4865,15286882
3,3283,-4865,15293669
3,3286,-4865,15300395
4,3280,-4865,15307161
3,3280,-4865,15313895
3,3279,-4865,15320674
3,3282,-4865,15327409
3,3284,-4865,15334157
3,3285,-4865,15340914
3,3288,-4865,15347681
3,3295,-4865,15354472
4,3299,-4865,15361304
3,3295,-4865,15367958
3,3301,-4865,15374722
4,3306,-4865,15381501
3,3305,-4865,15388234
4,3304,-4865,15394960
4,3310,-4865,15401774
4,3309,-4865,15408526
4,3316,-4865,15415289
4,3311,-4865,15422043
4,3307,-4865,15428812
4,3312,-4865,15435579
3,3313,-4865,15442346
3,3313,-4865,15449049
4,3310,-4865,15455834
3,3310,-4865,15462603
4,3307,-4865,15469344
4,3306,-4865,15476112
4,3308,-4865,15482886
4,3306,-4865,15489687
3,3310,-4865,15496423
4,3308,-4865,15503198
3,3303,-4865,15509936
3,3303,-4865,15516687
4,3305,-4865,15523456
4,3304,-4865,15530258
4,3303,-4865,15536981
4,3304,-4865,15543726
3,3300,-4865,15550530
4,3300,-4865,15557245
4,3304,-4865,15564056
4,3298,-4865,15570756
4,3298,-4865,15577531
4,3301,-4865,15584321
3,3297,-4865,15591094
4,3297,-4865,15597800
4,3301,-4865,15604546
4,3296,-4865,15611384
4,3298,-4865,15618114
3,3293,-4865,15624944
4,3287,-4865,15631625
4,3282,-4865,15638445
3,3278,-4865,15645185
4,3285,-4865,15651897
4,3284,-4865,15658674
3,3280,-4865,15665420
3,3287,-4865,15672159
4,3296,-4865,15678926
4,3291,-4865,15685703
3,3298,-4865,15692495
4,3303,-4865,15699302
4,3311,-4865,15705957
3,3316,-4865,15712706
3,3320,-4865,15719504
4,3323,-4865,15726305
4,3334,-4865,15733016
3,3347,-4865,15739767
4,3355,-4865,15746502
4,3360,-4865,15753317
4,3360,-4865,15760028
4,3357,-4865,15766843
4,3352,-4865,15773584
4,3356,-4865,15780348
3,3357,-4865,15787097
4,3363,-4865,15793831
4,3372,-4865,15800635
4,3374,-4865,15807410
4,3380,-4865,15814130
4,3386,-4865,15820890
3,3396,-4865,15827656
4,3403,-4865,15834395
4,3402,-4865,15841168
4,3408,-4865,15847913
4,3414,-4865,15854686
3,3422,-4865,15861432
4,3422,-4865,15868248
4,3430,-4865,15874953
4,3437,-4865,15881700
4,3448,-4865,15888517
4,3446,-4865,15895258
4,3448,-4865,15902007
4,3451,-4865,15908765
3,3447,-4865,15915510
4,3446,-4865,15922262
4,3450,-4865,15929055
4,3455,-4865,15935827
4,3459,-4865,15942535
4,3467,-4865,15949323
4,3474,-4865,15956053
3,3477,-4865,15962846
4,3480,-4865,15969541
4,3483,-4865,15976328
4,3485,-4865,15983069
4,3481,-4865,15989829
4,3483,-4865,15996601
4,3489,-4865,16003380
4,3486,-4865,16010141
4,3495,-4865,16016898
4,3506,-4865,16023645
4,3514,-4865,16030400
4,3519,-4865,16037166
4,3525,-4865,16043897
4,3527,-4865,16050689
4,3532,-4865,16057442
4,3537,-4865,16064240
4,3536,-4865,16070937
4,3537,-4865,16077711
4,3539,-4865,16084523
4,3539,-4865,16091276
4,3542,-4865,16098014
4,3545,-4865,16104790
4,3545,-4865,16111544
4,3546,-4865,16118296
4,3548,-4865,16125041
4,3551,-4865,16131844
4,3552,-4865,16138585
4,3554,-4865,16145298
4,3555,-4865,16152078
4,3552,-4865,16158879
4,3554,-4865,16165611
4,3554,-4865,16172297
4,3556,-4865,16179126
4,3558,-4865,16185853
4,3557,-4865,16192655
4,3559,-4865,16199424
4,3561,-4865,16206160
4,3564,-4865,16212933
4,3565,-4865,16219662
4,3567,-4865,16226444
4,3569,-4865,16233203
4,3569,-4865,16239918
4,3570,-4865,16246670
4,3571,-4865,16253447
4,3569,-4865,16260248
4,3570,-4865,16267009
4,3571,-4865,16273785
4,3570,-4865,16280558
4,3571,-4865,16287295
4,3571,-4865,16294043
4,3571,-4865,16300810
4,3571,-4865,16307512
4,3574,-4865,16314331
4,3577,-4865,16321103
4,3578,-4865,16327860
4,3580,-4865,16334601
4,3585,-4865,16341353
4,3582,-4865,16348092
4,3586,-4865,16354868
4,3588,-4865,16361610
4,3587,-4865,16368398
4,3586,-4865,16375145
4,3587,-4865,16381884
4,3581,-4865,16388645
4,3580,-4865,16395392
4,3575,-4865,16402217
4,3565,-4865,16408966
4,3566,-4865,16415712
4,3571,-4865,16422423
4,3580,-4865,16429278
4,3583,-4865,16435970
4,3587,-4865,16442740
4,3589,-4865,16449485
4,3592,-4865,16456245
4,3592,-4865,16462980
4,3602,-4865,16469793
4,3595,-4865,16476502
4,3599,-4865,16483237
5,3605,-4865,16490021
4,3593,-4865,16496814
4,3599,-4865,16503527
5,3606,-4865,16510357
5,3599,-4865,16517133
5,3595,-4865,16523869
4,3595,-4865,16530629
4,3605,-4865,16537379
4,3600,-4865,16544122
5,3596,-4865,16550865
4,3601,-4865,16557579
4,3596,-4865,16564367
4,3598,-4865,16571113
4,3605,-4865,16577855
4,3599,-4865,16584652
4,3598,-4865,16591394
4,3600,-4865,16598139
4,3600,-4865,16604902
4,3598,-4865,16611644
5,3603,-4865,16618463
4,3595,-4865,16625267
4,3597,-4865,16632006
4,3602,-4865,16638774
4,3600,-4865,16645466
4,3596,-4865,16652258
4,3597,-4865,16659012
4,3600,-4865,16665772
4,3601,-4865,16672526
4,3598,-4865,16679308
4,3599,-4865,16686103
4,3602,-4865,16692841
4,3595,-4865,16699621
4,3600,-4865,16706333
4,3598,-4865,16713071
4,3598,-4865,16719834
5,3601,-4865,16726606
4,3600,-4865,16733342
5,3596,-4865,16740129
4,3601,-4865,16746924
4,3600,-4865,16753667
4,3597,-4865,16760469
5,3595,-4865,16767180
4,3604,-4865,16773985
4,3600,-4865,16780750
4,3594,-4865,16787515
5,3601,-4865,16794244
4,3595,-4865,16801010
4,3595,-4865,16807757
4,3605,-4865,16814581
5,3595,-4865,16821298
5,3595,-4865,16828057
4,3601,-4865,16834830
4,3599,-4865,16841564
4,3598,-4865,16848333
5,3601,-4865,16855067
5,3598,-4865,16861838
4,3595,-4865,16868622
4,3603,-4865,16875387
4,3603,-4865,16882157
4,3595,-4865,16888883
5,3596,-4865,16895704
4,3598,-4865,16902444
4,3595,-4865,16909214
4,3603,-4865,16915892
4,3599,-4865,16922674
5,3597,-4865,16929465
4,3600,-4865,16936215
4,3605,-4865,16942925
4,3597,-4865,16949697
5,3595,-4865,16956447
4,3603,-4865,16963262
4,3600,-4865,16969964
4,3597,-4865,16976749
5,3601,-4865,16983519
4,3598,-4865,16990305
4,3595,-4865,16996989
5,3607,-4865,17003744
4,3599,-4865,17010516
5,3595,-4865,17017273
4,3598,-4865,17024057
4,3601,-4865,17030832
4,3601,-4865,17037557
5,3602,-4865,17044388
4,3602,-4865,17051158
4,3592,-4865,17057911
4,3599,-4865,17064618
4,3607,-4865,17071409
4,3597,-4865,17078189
4,3575,-4865,17084992
4,3554,-4865,17091731
4,3527,-4865,17098441
4,3495,-4865,17105266
4,3456,-4865,17111977
4,3418,-4865,17118712
4,3376,-4865,17125519
4,3323,-4865,17132324
3,3257,-4865,17139041
3,3204,-4865,17145808
3,3122,-4865,17152572
3,3034,-4865,17159307
3,2964,-4865,17166036
3,2902,-4865,17172835
2,2892,-4865,17179569
2,2827,-4865,17186328
2,2785,-4865,17193089
2,2738,-4865,17199867
2,2679,-4865,17206598
3,2618,-4865,17213369
2,2531,-4865,17220132
2,2469,-4865,17226850
2,2368,-4865,17233597
1,2273,-4865,17240385
1,2197,-4865,17247083
1,2148,-4865,17253820
1,2081,-4865,17260613
0,1953,-4865,17267381
1,1850,-4865,17274135
0,1753,-4865,17280935
0,1626,-4865,17287689
-1,1541,-4865,17294471
-1,1368,-4865,17301297
-1,1247,-4865,17307985
0,1095,-4865,17314744
-2,916,-4865,17321519
-2,815,-4865,17328266
-2,658,-4865,17335034
-3,472,-4865,17341852
-3,359,-4865,17348557
-3,283,-4865,17355378
-3,209,-4865,17362159
-3,141,-4865,17368926
-4,16,-4865,17375614
-4,7,-4865,17382461
-4,-4,-4865,17389216
-4,-4,-4865,17395979
-4,-4,-4865,17402747
-4,-4,-4865,17409525
-4,-5,-4865,17416324
-4,-4,-4865,17423044
-4,-5,-4865,17429856
-4,-4,-4865,17436641
-4,-5,-4865,17443451
-4,-5,-4865,17450202
-4,-4,-4865,17456952
-4,-4,-4865,17463747
-4,-5,-4865,17470497
-4,-5,-4865,17477327
-4,-5,-4865,17484089
-4,-5,-4865,17490878
-4,-4,-4865,17497570
-4,-4,-4865,17504347
-4,-4,-4865,17511169
-4,-5,-4865,17517993
-4,-4,-4865,17524744
-4,-4,-4865,17531522
-4,-4,-4865,17538286
-4,-4,-4865,17545036
-4,-4,-4865,17551798
-4,-4,-4865,17558582
-4,-5,-4865,17565331
-4,-3,-4865,17572120
-4,-4,-4865,17578921
-4,-4,-4865,17585695
-4,-3,-4865,17592452
-4,-3,-4865,17599283
-4,-4,-4865,17606009
-4,-5,-4865,17612777
-4,-5,-4865,17619554
-4,-5,-4865,17626310
-4,-4,-4865,17633075
-4,-4,-4865,17639864
-4,-4,-4865,17646639
-4,-4,-4865,17653430
-4,-3,-4865,17660220
-4,-3,-4865,17666984
-4,-4,-4865,17673732
-4,-4,-4865,17680468
-4,-5,-4865,17687273
-4,-3,-4865,17694082
-4,-4,-4865,17700844
-4,-4,-4865,17707586
-4,-4,-4865,17714349
-4,-4,-4865,17721181
-4,-4,-4865,17727943
-4,-4,-4865,17734713
-4,-5,-4865,17741508
-4,-4,-4865,17748273
-4,-4,-4865,17755073
-4,-4,-4865,17761844
-4,-4,-4865,17768599
-4,-4,-4865,17775406
-4,-4,-4865,17782200
-4,-4,-4865,17788983
-4,-4,-4865,17795755
-4,-5,-4865,17802504
-4,-4,-4865,17809284
-4,-4,-4865,17816036
-4,-4,-4865,17822832
-4,-5,-4865,17829607
-4,-4,-4865,17836336
-4,-4,-4865,17843145
-4,-3,-4865,17849918
-4,-3,-4865,17856684
-4,-4,-4865,17863456
-4,-4,-4865,17870279
-4,-3,-4865,17877031
-4,-5,-4865,17883818
-4,-4,-4865,17890605
-4,-3,-4865,17897377
-4,-3,-4865,17904138
-4,-5,-4865,17910912
-4,-4,-4865,17917716
-4,-4,-4865,17924461
-4,-4,-4865,17931274
-4,-4,-4865,17938034
-4,-5,-4865,17944825
-4,-4,-4865,17951632
-4,-4,-4865,17958402
-4,-5,-4865,17965173
-4,-4,-4865,17971950
-4,-4,-4865,17978703
-4,-4,-4865,17985437
-4,-4,-4865,17992319
-4,-4,-4865,17999093
-4,-5,-4865,18005859
-4,-5,-4865,18012638
-4,-5,-4865,18019374
-4,-4,-4865,18026175
-4,-4,-4865,18032936
-4,-3,-4865,18039721
-4,-4,-4865,18046454
-4,-4,-4865,18053318
-4,-5,-4865,18060046
-4,-4,-4865,18066822
-4,-4,-4865,18073587
-4,-4,-4865,18080354
-4,-4,-4865,18087155
-4,-4,-4865,18093906
-4,-4,-4865,18100689
-4,-3,-4865,18107462
-4,-4,-4865,18114216
-4,-3,-4865,18121006
-4,-4,-4865,18127782
-4,-4,-4865,18134518
-4,-4,-4865,18141289
-4,-4,-4865,18148070
-4,-5,-4865,18154871
-4,-4,-4865,18161637
-4,-5,-4865,18168355
-4,-5,-4865,18175193
-4,-4,-4865,18181919
-4,-4,-4865,18188710
-4,-3,-4865,18195504
-4,-5,-4865,18202295
-4,-5,-4865,18209085
-4,-4,-4865,18215846
-4,-4,-4865,18222612
-4,-5,-4865,18229329
-4,-4,-4865,18236181
-4,-4,-4865,18242906
-4,-4,-4865,18249661
-4,-5,-4865,18256441
-4,-5,-4865,18263193
-4,-4,-4865,18270009
-4,-3,-4865,18276766
-4,-4,-4865,18283559
-4,-4,-4865,18290267
-4,-5,-4865,18297100
-4,-4,-4865,18303901
-4,-4,-4865,18310661
-4,-5,-4865,18317372
-4,-4,-4865,18324204
-4,-4,-4865,18330992
-4,-4,-4865,18337765
-4,-4,-4865,18344522
-4,-5,-4865,18351281
-4,-4,-4865,18358017
-4,-4,-4865,18364803
-4,-5,-4865,18371594
-4,-3,-4865,18378401
-4,-4,-4865,18385149
-4,-4,-4865,18391956
-4,-4,-4865,18398683
-4,-3,-4865,18405509
-4,-4,-4865,18412297
-4,-5,-4865,18419055
-4,-4,-4865,18425821
-4,-5,-4865,18432588
-4,-4,-4865,18439316
-4,-4,-4865,18446150
-4,-4,-4865,18452878
-4,-4,-4865,18459668
-4,-4,-4865,18466458
-4,-4,-4865,18473166
-4,-3,-4865,18479977
-4,-4,-4865,18486732
-4,-4,-4865,18493524
-4,-4,-4865,18500289
-4,-4,-4865,18507049
-4,-4,-4865,18513836
-4,-4,-4865,18520626
-4,-4,-4865,18527395
-4,-3,-4865,18534187
-4,-5,-4865,18540951
-4,-4,-4865,18547772
-4,-4,-4865,18554508
-4,-4,-4865,18561319
-4,-5,-4865,18568063
-4,-4,-4865,18574877
-4,-5,-4865,18581639
-4,-3,-4865,18588439
-4,-4,-4865,18595199
-4,-4,-4865,18601934
-4,-4,-4865,18608712
-4,-4,-4865,18615479
-4,-4,-4865,18622305
-4,-5,-4865,18629078
-4,-5,-4865,18635832
-4,-5,-4865,18642600
-4,-4,-4865,18649323
-4,-4,-4865,18656114
-4,-4,-4865,18662902
-4,-5,-4865,18669716
-4,-4,-4865,18676489
-4,-4,-4865,18683327
-4,-4,-4865,18690030
-4,-4,-4865,18696746
-4,-4,-4865,18703578
-4,-4,-4865,18710357
-4,-4,-4865,18717158
-4,-3,-4865,18723928
-4,-4,-4865,18730691
-4,-5,-4865,18737445
-4,-4,-4865,18744297
-4,-4,-4865,18750997
-4,-4,-4865,18757764
-4,-4,-4865,18764608
-4,-4,-4865,18771352
-4,-5,-4865,18778116
-4,-4,-4865,18784922
-4,-5,-4865,18791634
-4,-3,-4865,18798470
-4,-5,-4865,18805238
-4,-4,-4865,18812033
-4,-4,-4865,18818787
-4,-5,-4865,18825576
-4,-4,-4865,18832384
-4,-4,-4865,18839125
-4,-4,-4865,18845894
-4,-5,-4865,18852658
-4,-4,-4865,18859432
-4,-4,-4865,18866296
-4,-4,-4865,18872997
-4,-4,-4865,18879778
-4,-5,-4865,18886544
-4,-4,-4865,18893347
-4,-5,-4865,18900113
-4,-4,-4865,18906885
-4,-4,-4865,18913692
-4,-5,-4865,18920486
-4,-5,-4865,18927291
-4,-4,-3841,18934031
-4,-4,-3841,18940197
-4,-4,-3841,18947634
-4,-5,-3841,18954409
-4,-4,-3841,18961140
-4,-4,-3841,18967952
-4,-4,-3841,18974727
-4,-5,-3841,18981502
-4,-5,-3841,18988271
-4,-4,-3841,18995002
-4,-5,-3841,19001829
-4,-5,-3841,19008547
-4,-4,-3841,19015438
-4,-5,-3841,19022173
-4,-4,-3841,19028933
-4,-4,-3841,19035720
-4,-4,-3841,19042532
-4,-3,-3841,19049292
-4,-4,-3841,19056082
-4,-5,-3841,19062843
-4,-4,-3841,19069583
-4,-4,-3841,19076402
-4,-5,-3841,19083182
-4,-3,-3841,19089971
-4,-4,-3841,19096773
-4,-4,-3841,19103541
-4,-4,-3841,19110312
-4,-4,-3841,19117048
-4,-3,-3841,19123834
-4,-4,-3841,19130612
-4,-4,-3841,19137401
-4,-4,-3841,19144146
-4,-4,-3841,19150957
-4,-5,-3841,19157728
-4,-3,-3841,19164520
-4,-4,-3841,19171329
-4,-4,-3841,19178096
-4,-4,-3841,19184852
-4,-4,-3841,19191647
-4,-4,-3841,19198386
-4,-4,-3841,19205142
-4,-4,-3841,19211934
-4,-4,-3841,19218699
-4,-4,-3841,19225457
-4,-4,-3841,19232303
-4,-4,-3841,19239059
-4,-5,-3841,19245750
-4,-5,-3841,19252551
-4,-4,-3841,19259346
-4,-4,-3841,19266139
-4,-4,-3841,19272883
-4,-3,-3841,19279701
-4,-4,-3841,19286470
-4,-4,-3841,19293303
-4,-5,-3841,19300032
-4,-4,-3841,19306805
-4,-4,-3841,19313595
-4,-4,-3841,19320359
-4,-5,-3841,19327095
-4,-4,-3841,19333886
-4,-4,-3841,19340657
-4,-4,-3841,19347455
-4,-5,-3841,19354240
-4,-4,-3841,19361037
-4,-4,-3841,19367818
-4,-4,-3841,19374569
-4,-4,-3841,19381370
-4,-4,-3841,19388066
-4,-4,-3841,19394866
-4,-4,-3841,19401645
-4,-4,-3841,19408436
-4,-4,-3841,19415185
-4,-4,-3841,19421936
-4,-4,-3841,19428766
-4,-4,-3841,19435527
-4,-4,-3841,19442325
-4,-3,-3841,19449095
-4,-4,-3841,19455883
-4,-5,-3841,19462678
-4,-4,-3841,19469439
-4,-4,-3841,19476328
-4,-4,-3841,19483010
-4,-4,-3841,19489747
-4,-4,-3841,19496538
-4,-5,-3841,19503321
-4,-4,-3841,19510083
-4,-4,-3841,19516857
-4,-4,-3841,19523623
-4,-3,-3841,19530414
-4,-4,-3841,19537203
-4,-3,-3841,19543994
-4,-5,-3841,19550759
-4,-4,-3841,19557523
-4,-4,-3841,19564338
-4,-4,-3841,19571098
-4,-5,-3841,19577860
-4,-4,-3841,19584647
-4,-4,-3841,19591439
-4,-3,-3841,19598175
-4,-4,-3841,19605023
-4,-4,-3841,19611743
-4,-3,-3841,19618548
-4,-4,-3841,19625334
-4,-5,-3841,19632096
-4,-5,-3841,19638857
-4,-4,-3841,19645681
-4,-5,-3841,19652447
-4,-4,-3841,19659207
-4,-4,-3841,19666005
-4,-4,-3841,19672725
-4,-4,-3841,19679547
-4,-4,-3841,19686351
-4,-5,-3841,19693079
-4,-4,-3841,19699870
-4,-4,-3841,19706620
-4,-4,-3841,19713447
-4,-3,-3841,19720213
-4,-3,-3841,19726970
-4,-5,-3841,19733727
-4,-4,-3841,19740546
-4,-5,-3841,19747339
-4,-4,-3841,19754070
-4,-5,-3841,19760835
-4,-4,-3841,19767627
-4,-4,-3841,19774394
-4,-5,-3841,19781133
-4,-4,-3841,19787975
-4,-4,-3841,19794693
-4,-4,-3841,19801485
-4,-3,-3841,19808300
-4,-4,-3841,19815071
-4,-4,-3841,19821834
-4,-5,-3841,19828626
-4,-4,-3841,19835394
-4,-4,-3841,19842143
-4,-3,-3841,19848954
-4,-5,-3841,19855760
-4,-4,-3841,19862496
-4,-3,-3841,19869312
-4,-3,-3841,19876087
-5,-4,-3841,19882854
-4,-4,-3841,19889592
-4,-4,-3841,19896420
-4,-4,-3841,19903208
-4,-5,-3841,19909990
-4,-4,-3841,19916771
-4,-5,-3841,19923563
-4,-5,-3841,19930339
-4,-4,-3841,19937071
-4,-3,-3841,19943874
-4,-4,-3841,19950639
-4,-4,-3841,19957434
-4,-5,-3841,19964155
-4,-4,-3841,19970907
-4,-5,-3841,19977726
-4,-4,-3841,19984503
-4,-3,-3841,19991299
-4,-4,-3841,19998058
-4,-4,-3841,20004832
-4,-4,-3841,20011602
-4,-4,-3841,20018350
-4,-5,-3841,20025139
-4,-4,-3841,20031875
-4,-4,-3841,20038675
-4,-4,-3841,20045462
-4,-4,-3841,20052242
-4,-4,-3841,20058984
-4,-5,-3841,20065785
-4,-3,-3841,20072589
-4,-4,-3841,20079374
-4,-4,-3841,20086096
-4,-4,-3841,20092934
-4,-5,-3841,20099708
-4,-4,-3841,20106449
-4,-4,-3841,20113342
-4,-4,-3841,20119994
-4,-4,-3841,20126839
-4,-5,-3841,20133603
-4,-3,-3841,20140397
-4,-4,-3841,20147130
-4,-4,-3841,20153902
-4,-4,-3841,20160678
-4,-5,-3841,20167459
-4,-4,-3841,20174305
-4,-5,-3841,20181013
-4,-4,-3841,20187806
-4,-5,-3841,20194573
-4,-4,-3841,20201340
-4,-4,-3841,20208114
-4,-5,-3841,20214942
-4,-4,-3841,20221705
-4,-5,-3841,20228499
-4,-4,-3841,20235326
-4,-5,-3841,20242007
-4,-4,-3841,20248811
-4,-5,-3841,20255536
-4,-4,-3841,20262361
-4,-5,-3841,20269114
-4,-3,-3841,20275859
-4,-5,-3841,20282659
-4,-4,-3841,20289449
-4,-5,-3841,20296328
-4,-4,-3841,20303021
-4,-3,-3841,20309805
-4,-4,-3841,20316577
-4,-3,-3841,20323366
-4,-5,-3841,20330133
-4,-3,-3841,20336911
-4,-4,-3841,20343761
-4,-4,-3841,20350527
-4,-5,-3841,20357334
-4,-3,-3841,20364063
-4,-5,-3841,20370855
-4,-4,-3841,20377634
-4,-4,-3841,20384402
-4,-4,-3841,20391193
-4,-5,-3841,20397981
-4,-4,-3841,20404715
-4,-4,-3841,20411504
-4,-5,-3841,20418347
-4,-4,-3841,20425016
-4,-3,-3841,20431839
-4,-4,-3841,20438614
-4,-4,-3841,20445317
-4,-4,-3841,20452093
-4,-4,-3841,20458861
-4,-4,-3841,20465642
-4,-4,-3841,20472385
-4,-4,-3841,20479186
-4,-5,-3841,20485942
-4,-5,-3841,20492736
-4,-4,-3841,20499519
-4,-2,-3841,20506306
-4,17,-3841,20513095
-4,133,-3841,20519873
-4,159,-3841,20526611
-4,199,-3841,20533401
-4,225,-3841,20540148
-4,294,-3841,20546912
-3,311,-3841,20553716
-3,328,-3841,20560409
-4,392,-3841,20567229
-4,414,-3841,20573977
-3,448,-3841,20580754
-3,536,-3841,20587458
-3,582,-3841,20594305
-3,658,-3841,20601061
-3,628,-3841,20607801
-3,731,-3841,20614643
-2,792,-3841,20621404
-3,852,-3841,20628161
-2,879,-3841,20634900
-2,921,-3841,20641719
-2,1009,-3841,20648464
-2,1148,-3841,20655309
-2,1277,-3841,20662044
-1,1354,-3841,20668824
-1,1415,-3841,20675570
0,1493,-3841,20682364
-1,1553,-3841,20689143
-1,1631,-3841,20695861
-1,1664,-3841,20702685
-1,1664,-3841,20709506
-1,1712,-3841,20716346
-1,1784,-3841,20723071
0,1819,-3841,20729837
0,1885,-3841,20736594
1,1913,-3841,20743402
0,1910,-3841,20750185
0,1927,-3841,20756862
0,1958,-3841,20763667
0,1994,-3841,20770429
0,2037,-3841,20777171
0,2035,-3841,20783950
0,2062,-3841,20790705
1,2086,-3841,20797466
0,2103,-3841,20804216
0,2137,-3841,20810966
1,2131,-3841,20817712
1,2117,-3841,20824464
0,2121,-3841,20831303
0,2133,-3841,20837992
1,2157,-3841,20844758
1,2172,-3841,20851548
0,2186,-3841,20858319
1,2194,-3841,20865054
1,2204,-3841,20871851
1,2205,-3841,20878554
1,2202,-3841,20885360
1,2231,-3841,20892086
0,2241,-3841,20898877
1,2264,-3841,20905632
1,2261,-3841,20912376
1,2279,-3841,20919067
1,2307,-3841,20925893
1,2334,-3841,20932697
1,2355,-3841,20939420
1,2366,-3841,20946229
2,2375,-3841,20953007
1,2403,-3841,20959778
2,2438,-3841,20966537
2,2464,-3841,20973328
1,2480,-3841,20980036
1,2499,-3841,20986804
2,2519,-3841,20993536
2,2543,-3841,21000360
2,2569,-3841,21007064
2,2580,-3841,21013837
2,2600,-3841,21020625
2,2649,-3841,21027364
2,2686,-3841,21034062
2,2706,-3841,21040849
2,2713,-3841,21047617
3,2732,-3841,21054385
2,2746,-3841,21061153
2,2762,-3841,21067864
2,2764,-3841,21074662
2,2770,-3841,21081470
2,2792,-3841,21088174
2,2804,-3841,21094933
2,2827,-3841,21101666
2,2836,-3841,21108457
2,2838,-3841,21115224
2,2849,-3841,21121945
2,2865,-3841,21128660
2,2877,-3841,21135508
2,2898,-3841,21142254
2,2903,-3841,21149015
3,2919,-3841,21155759
3,2932,-3841,21162533
2,2935,-3841,21169346
3,2959,-3841,21176073
3,2971,-3841,21182835
3,2978,-3841,21189578
2,2988,-3841,21196352
2,2993,-3841,21203076
3,3000,-3841,21209842
2,3010,-3841,21216564
2,3023,-3841,21223355
2,3011,-3841,21230076
3,3019,-3841,21236840
2,3022,-3841,21243623
3,3025,-3841,21250366
3,3036,-3841,21257134
3,3035,-3841,21263900
2,3039,-3841,21270646
3,3040,-3841,21277382
3,3054,-3841,21284151
3,3063,-3841,21290951
3,3071,-3841,21297736
2,3080,-3841,21304442
3,3087,-3841,21311169
3,3088,-3841,21318006
3,3101,-3841,21324735
3,3101,-3841,21331501
3,3107,-3841,21338285
3,3109,-3841,21345020
3,3120,-3841,21351775
3,3123,-3841,21358545
3,3135,-3841,21365323
3,3150,-3841,21372044
3,3157,-3841,21378832
3,3163,-3841,21385596
3,3171,-3841,21392346
3,3174,-3841,21399122
3,3180,-3841,21405863
3,3184,-3841,21412635
3,3181,-3841,21419397
4,3185,-3841,21426120
3,3191,-3841,21432883
3,3191,-3841,21439678
3,3191,-3841,21446455
3,3199,-3841,21453225
3,3203,-3841,21459950
3,3204,-3841,21466722
3,3204,-3841,21473490
3,3203,-3841,21480237
3,3199,-3841,21487029
3,3204,-3841,21493772
3,3200,-3841,21500531
3,3207,-3841,21507318
4,3211,-3841,21514047
3,3213,-3841,21520815
3,3211,-3841,21527581
3,3214,-3841,21534329
3,3217,-3841,21541104
4,3226,-3841,21547825
4,3230,-3841,21554583
3,3232,-3841,21561373
3,3238,-3841,21568116
3,3234,-3841,21574889
4,3235,-3841,21581640
3,3232,-3841,21588401
3,3237,-3841,21595180
3,3237,-3841,21601949
3,3239,-3841,21608700
3,3242,-3841,21615404
3,3241,-3841,21622223
3,3238,-3841,21628987
3,3244,-3841,21635698
4,3242,-3841,21642520
3,3249,-3841,21649323
3,3251,-3841,21656020
3,3253,-3841,21662780
3,3252,-3841,21669535
3,3253,-3841,21676310
3,3252,-3841,21683092
3,3265,-3841,21689851
3,3272,-3841,21696627
4,3268,-3841,21703359
3,3273,-3841,21710142
4,3274,-3841,21716912
3,3279,-3841,21723729
4,3281,-3841,21730464
4,3283,-3841,21737214
3,3286,-3841,21743979
4,3287,-3841,21750767
4,3291,-3841,21757518
3,3291,-3841,21764329
4,3293,-3841,21771100
4,3294,-3841,21777787
3,3296,-3841,21784548
3,3296,-3841,21791331
4,3296,-3841,21798047
3,3295,-3841,21804852
3,3295,-3841,21811615
3,3295,-3841,21818356
3,3294,-3841,21825099
3,3291,-3841,21831879
4,3293,-3841,21838643
4,3291,-3841,21845405
4,3287,-3841,21852186
4,3283,-3841,21858884
3,3283,-3841,21865707
4,3283,-3841,21872476
3,3278,-3841,21879243
3,3276,-3841,21886016
3,3276,-3841,21892774
4,3278,-3841,21899482
3,3280,-3841,21906270
4,3277,-3841,21913028
3,3274,-3841,21919782
4,3275,-3841,21926580
3,3274,-3841,21933333
3,3274,-3841,21940119
3,3273,-3841,21946889
4,3270,-3841,21953583
4,3272,-3841,21960349
4,3267,-3841,21967129
3,3266,-3841,21973873
3,3266,-3841,21980594
4,3268,-3841,21987381
3,3268,-3841,21994128
3,3266,-3841,22000876
4,3269,-3841,22007652
4,3268,-3841,22014423
3,3266,-3841,22021213
4,3262,-3841,22027963
4,3255,-3841,22034734
4,3249,-3841,22041451
3,3240,-3841,22048236
3,3224,-3841,22054980
3,3209,-3841,22061747
3,3188,-3841,22068518
3,3169,-3841,22075345
3,3118,-3841,22082028
4,3071,-3841,22088785
3,3003,-3841,22095550
3,2889,-3841,22102328
2,2795,-3841,22109091
2,2625,-3841,22115850
2,2458,-3841,22122614
1,2264,-3841,22129412
1,2058,-3841,22136136
1,1881,-3841,22142891
1,1681,-3841,22149678
-1,1404,-3841,22156446
-1,1112,-3841,22163177
-2,834,-3841,22170007
-2,662,-3841,22176786
-2,412,-3841,22183550
-3,248,-3841,22190326
-3,-4,-3841,22197081
-3,-4,-3841,22203837
-4,-4,-3841,22210662
-3,-3,-3841,22217421
-4,-3,-3841,22224158
-4,-4,-3841,22230973
-4,-3,-3841,22237734
-4,-4,-3841,22244527
-4,-4,-3841,22251296
-4,-4,-3841,22258070
-4,-5,-3841,22264824
-4,-5,-3841,22271590
-4,-4,-3841,22278356
-4,-3,-3841,22285145
-4,-5,-3841,22291971
-4,-4,-3841,22298738
-4,-4,-3841,22305503
-4,-5,-3841,22312253
-4,-4,-3841,22319053
-4,-3,-3841,22325832
-4,-4,-3841,22332567
-4,-5,-3841,22339370
-4,-3,-3841,22346115
-4,-5,-3841,22352890
-4,-4,-3841,22359661
-4,-4,-3841,22366429
-4,-4,-3841,22373212
-4,-4,-3841,22380008
-4,-4,-3841,22386803
-4,-5,-3841,22393562
-4,-5,-3841,22400358
-4,-4,-3841,22407116
-4,-4,-3841,22413879
-4,-4,-3841,22420675
-4,-4,-3841,22427470
-4,127,-3841,22434245
-4,251,-3841,22440994
-4,375,-3841,22447753
-4,520,-3841,22454584
-3,709,-3841,22461300
-3,889,-3841,22468058
-2,1071,-3841,22474884
-1,1233,-3841,22481656
-2,1374,-3841,22488387
-1,1596,-3841,22495205
-1,1822,-3841,22502008
-1,1940,-3841,22508755
0,2117,-3841,22515540
0,2219,-3841,22522336
0,2274,-3841,22529077
0,2377,-3841,22535808
1,2432,-3841,22542580
2,2494,-3841,22549341
2,2523,-3841,22556090
1,2566,-3841,22562816
2,2631,-3841,22569567
1,2680,-3841,22576341
2,2765,-3841,22583085
2,2801,-3841,22589822
2,2821,-3841,22596651
2,2861,-3841,22603405
3,2901,-3841,22610137
2,2918,-3841,22616938
3,2948,-3841,22623681
2,2977,-3841,22630455
3,3004,-3841,22637249
3,3001,-3841,22643959
3,3026,-3841,22650734
3,3045,-3841,22657478
3,3055,-3841,22664344
3,3075,-3841,22671017
3,3088,-3841,22677800
3,3097,-3841,22684555
3,3106,-3841,22691339
3,3117,-3841,22698075
3,3136,-3841,22704837
3,3145,-3841,22711597
3,3150,-3841,22718367
4,3171,-3841,22725107
3,3180,-3841,22731878
3,3189,-3841,22738601
3,3199,-3841,22745431
4,3204,-3841,22752197
4,3210,-3841,22758941
4,3220,-3841,22765730
3,3232,-3841,22772473
3,3240,-3841,22779214
4,3239,-3841,22785980
3,3250,-3841,22792778
4,3260,-3841,22799530
3,3267,-3841,22806204
3,3271,-3841,22813033
3,3272,-3841,22819798
3,3281,-3841,22826520
3,3284,-3841,22833305
4,3291,-3841,22840065
3,3295,-3841,22846826
3,3298,-3841,22853613
3,3296,-3841,22860340
3,3298,-3841,22867103
4,3303,-3841,22873885
3,3307,-3841,22880664
4,3305,-3841,22887434
4,3303,-3841,22894165
3,3304,-3841,22900963
4,3307,-3841,22907744
3,3309,-3841,22914513
4,3311,-3841,22921257
3,3309,-3841,22927991
3,3308,-3841,22934774
3,3306,-3841,22941533
3,3303,-3841,22948376
3,3300,-3841,22955005
4,3298,-3841,22961780
3,3298,-3841,22968539
4,3299,-3841,22975333
4,3301,-3841,22982118
3,3303,-3841,22988818
3,3304,-3841,22995672
3,3305,-3841,23002406
3,3308,-3841,23009178
3,3308,-3841,23015949
4,3307,-3841,23022658
4,3305,-3841,23029464
3,3305,-3841,23036229
3,3305,-3841,23042999
3,3308,-3841,23049715
4,3310,-3841,23056508
4,3311,-3841,23063284
4,3315,-3841,23070024
3,3315,-3841,23076835
3,3315,-3841,23083523
4,3318,-3841,23090374
4,3318,-3841,23097075
4,3317,-3841,23103821
3,3318,-3841,23110534
3,3318,-3841,23117342
4,3319,-3841,23124079
3,3321,-3841,23130848
3,3322,-3841,23137558
3,3322,-3841,23144347
4,3324,-3841,23151102
3,3324,-3841,23157851
3,3326,-3841,23164592
4,3326,-3841,23171338
3,3326,-3841,23178085
4,3326,-3841,23184831
4,3326,-3841,23191630
4,3326,-3841,23198370
3,3325,-3841,23205168
4,3323,-3841,23211932
4,3324,-3841,23218695
4,3323,-3841,23225459
4,3321,-3841,23232179
3,3320,-3841,23238969
4,3320,-3841,23245720
3,3320,-3841,23252524
4,3321,-3841,23259280
4,3321,-3841,23266037
3,3322,-3841,23272797
4,3321,-3841,23279586
4,3323,-3841,23286365
3,3323,-3841,23293075
4,3323,-3841,23299823
4,3323,-3841,23306560
4,3324,-3841,23313377
4,3323,-3841,23320083
4,3322,-3841,23326882
3,3319,-3841,23333665
4,3315,-3841,23340434
4,3308,-3841,23347181
3,3302,-3841,23353950
3,3293,-3841,23360654
4,3286,-3841,23367428
4,3279,-3841,23374172
3,3275,-3841,23380924
3,3270,-3841,23387699
3,3268,-3841,23394457
3,3258,-3841,23401228
3,3247,-3841,23407983
3,3230,-3841,23414698
3,3210,-3841,23421486
4,3198,-3841,23428229
3,3177,-3841,23434981
3,3149,-3841,23441741
3,3122,-3841,23448507
3,3083,-3841,23455377
3,3053,-3841,23462056
3,3016,-3841,23468832
2,2939,-3841,23475499
3,2844,-3841,23482350
2,2757,-3841,23489063
2,2669,-3841,23495852
2,2549,-3841,23502611
2,2411,-3841,23509385
2,2282,-3841,23516138
1,2152,-3841,23522911
0,1990,-3841,23529669
0,1797,-3841,23536426
0,1671,-3841,23543251
0,1408,-3841,23550001
-1,1207,-3841,23556776
-1,1028,-3841,23563528
-2,573,-3841,23570374
-2,291,-3841,23577042
-3,111,-3841,23583841
-3,-5,-3841,23590624
-3,-4,-3841,23597381
-4,-4,-3841,23604181
-4,-4,-3841,23610943
-4,-6,-3841,23617731
-4,-5,-3841,23624529
-4,-5,-3841,23631252
-4,-5,-3841,23638027
-4,-4,-3841,23644811
-4,-5,-3841,23651603
-4,-5,-3841,23658383
-4,-4,-3841,23665122
-4,-4,-3841,23671919
-4,-5,-3841,23678691
-4,-3,-3841,23685407
-4,-4,-3841,23692267
-4,-3,-3841,23699024
-4,-4,-3841,23705761
-4,-4,-3841,23712592
-4,-4,-3841,23719330
-4,-4,-3841,23726098
-4,-5,-3841,23732885
-4,-4,-3841,23739673
-4,-4,-3841,23746427
-4,-5,-3841,23753212
-4,-5,-3841,23759995
-4,-3,-3841,23766766
-4,-4,-3841,23773553
-4,-4,-3841,23780331
-4,-4,-3841,23787062
-4,-4,-3841,23793872
-4,-5,-3841,23800670
-4,-4,-3841,23807433
-4,-4,-3841,23814191
-4,-4,-3841,23820959
-4,-4,-3841,23827729
-4,-4,-3841,23834502
-4,-5,-3841,23841354
-4,-5,-3841,23848058
-4,-3,-3841,23854827
-4,-4,-3841,23861627
-4,-5,-3841,23868411
-4,-3,-3841,23875155
-4,-5,-3841,23881933
-4,-3,-3841,23888732
-4,-4,-3841,23895496
-4,-4,-3841,23902330
-4,-3,-3841,23909067
-4,-4,-3841,23915833
-4,-5,-3841,23922554
-4,-4,-3841,23929407
-4,-5,-3841,23936165
-4,-4,-3841,23942946
-4,-5,-3841,23949743
-4,-4,-3841,23956515
-4,-5,-3841,23963318
-4,-3,-3841,23970038
-4,-4,-3841,23976809
-4,-5,-3841,23983579
-4,-3,-3841,23990378
-4,-5,-3841,23997173
-4,-4,-3841,24003953
-4,-5,-3841,24010671
-4,-4,-3841,24017526
-4,-4,-3841,24024243
-4,-4,-3841,24031018
-4,-4,-3841,24037799
-4,-4,-3841,24044588
-4,-4,-3841,24051377
-4,-4,-3841,24058119
-4,-4,-3841,24064953
-4,-5,-3841,24071729
-4,-5,-3841,24078475
-4,-5,-3841,24085912
-4,-5,-3841,24092052
-4,-4,-3841,24098810
-4,-5,-3841,24105579
-4,-4,-3841,24112385
-4,-5,-3841,24119094
-5,-4,-3841,24125932
-4,-3,-3841,24132704
-4,-3,-3841,24139468
-4,-3,-3841,24146245
-4,-4,-3841,24153006
-4,-4,-3841,24159786
-4,-4,-3841,24166575
-4,-3,-3841,24173386
-4,-4,-3841,24180096
-4,-5,-3841,24186850
-4,-4,-3841,24193646
-4,-5,-3841,24200419
-4,-4,-3841,24207188
-4,-4,-3841,24214015
-4,-4,-3841,24220736
-4,-4,-3841,24227510
-4,-5,-3841,24234357
-4,-5,-3841,24241063
-4,-5,-3841,24247805
-4,-3,-3841,24254601
-4,-4,-3841,24261356
-4,-4,-3841,24268141
-4,-4,-3841,24274894
-4,-4,-3841,24281664
-4,-4,-3841,24288430
-4,-5,-3841,24295227
-4,-3,-3841,24301991
-4,-4,-3841,24308836
-4,-4,-3841,24315603
-4,-4,-3841,24322396
-4,-5,-3841,24329179
-4,-3,-3841,24335976
-4,-4,-3841,24342692
-4,-3,-3841,24349454
-4,-4,-3841,24356282
-4,-5,-3841,24363017
-4,-5,-3841,24369823
-4,-4,-3841,24376590
-4,-3,-3841,24383381
-4,-4,-3841,24390164
-4,-5,-3841,24396947
-4,-4,-3841,24403701
-4,-4,-3841,24410493
-4,-3,-3841,24417359
-4,-4,-3841,24424051
-4,-5,-3841,24430841
-4,-4,-3841,24437631
-4,-5,-3841,24444419
-4,-4,-3841,24451186
-4,-4,-3841,24457908
-4,-4,-3841,24464703
-4,-4,-3841,24471468
-4,-4,-3841,24478194
-4,-5,-3841,24485021
-4,-3,-3841,24491814
-4,-5,-3841,24498579
-4,-4,-3841,24505397
-4,-4,-3841,24512120
-4,-3,-3841,24518866
-4,-4,-3841,24525650
-4,-4,-3841,24532442
-4,-3,-3841,24539194
-4,-4,-3841,24546000
-4,-5,-3841,24552795
-4,-5,-3841,24559553
-4,-5,-3841,24566391
-4,-4,-3841,24573096
-4,-4,-3841,24579788
-4,-4,-3841,24586616
-4,-4,-3841,24593382
-4,-4,-3841,24600176
-4,-4,-3841,24606981
-4,-5,-3841,24613749
-4,-4,-3841,24620525
-4,-4,-3841,24627393
-4,-4,-3841,24634068
-4,-4,-3841,24640897
-4,-4,-3841,24647658
-4,-4,-3841,24654451
-4,-4,-3841,24661166
-4,-4,-3841,24667961
-4,-4,-3841,24674790
-4,-5,-3841,24681554
-4,-4,-3841,24688392
-4,-4,-3841,24695062
-4,-3,-3841,24701823
-4,-3,-3841,24708640
-4,-4,-3841,24715440
-4,-4,-3841,24722225
-4,-5,-3841,24728976
-4,-4,-3841,24735772
-4,-4,-3841,24742541
-4,-3,-3841,24749211
-4,-5,-3841,24756046
-4,-5,-3841,24762815
-4,-5,-3841,24769633
-4,-4,-3841,24776391
-4,-4,-3841,24783181
-4,-4,-3841,24789944
-4,-5,-3841,24796775
-4,-4,-3841,24803515
-5,-4,-3841,24810303
-4,-4,-3841,24817090
-4,-4,-3841,24823869
-4,-3,-3841,24830606
-4,-5,-3841,24837407
-4,-4,-3841,24844173
-4,-4,-3841,24850930
-4,-3,-3841,24857748
-4,-5,-3841,24864488
-4,-4,-3841,24871263
-4,-5,-3841,24878101
-4,-4,-3841,24884775
-4,-5,-3841,24891622
-4,-4,-3841,24898394
-4,-5,-3841,24905199
-4,-3,-3841,24911978
-4,-4,-3841,24918730
-4,-3,-3841,24925459
-4,-4,-3841,24932275
-4,-4,-3841,24939113
-4,-4,-3841,24945812
-4,-4,-3841,24952669
-4,-4,-3841,24959416
-4,-4,-3841,24966192
-4,-5,-3841,24972991
-4,-4,-3841,24979731
-4,-4,-3841,24986498
-4,-4,-3841,24993243
-4,-4,-3841,25000038
-4,-4,-3841,25006804
-4,-3,-3841,25013601
-4,-3,-3841,25020371
-4,-3,-3841,25027175
-4,-4,-3841,25033945
-4,-5,-3841,25040738
-4,-4,-3841,25047482
-4,-4,-3841,25054274
-4,-4,-3841,25061045
-4,-4,-3841,25067761
-4,-5,-3841,25074560
-4,-3,-3841,25081350
-4,-4,-3841,25088151
-4,-4,-3841,25094903
-4,-4,-3841,25101713
-4,-4,-3841,25108462
-4,-5,-3841,25115284
-4,-5,-3841,25122024
-4,-4,-3841,25128800
-4,-4,-3841,25135593
-4,-5,-3841,25142396
-4,-4,-3841,25149170
-4,-4,-3841,25155929
-4,-4,-3841,25162731
-4,-4,-3841,25169474
-4,-5,-3841,25176287
-4,-3,-3841,25183012
-4,-3,-3841,25189765
-4,-4,-3841,25196616
-4,-3,-3841,25203399
-4,-4,-3841,25210179
-4,-5,-3841,25216939
-4,-5,-3841,25223744
-4,-4,-3841,25230514
-4,-4,-3841,25237264
-4,-4,-3841,25244050
-4,-4,-3841,25250808
-4,-4,-3841,25257575
-4,-4,-3841,25264350
